,label,score
0,깨끗하게,1
1,깨끗한,1
2,깨끗하다,2
3,깨끗하고,2
4,깨끗하며,2
5,깨끗하지 않다,-2
6,깨끗하지 않게,-2
7,깨끗하지 않은,-2
8,깨끗하지 않고,-2
9,깨끗하지 않으며,-2
10,깨끗안한,-2
11,훌륭하게,1
12,훌륭한,1
13,훌륭하다,2
14,훌륭하고,2
15,훌륭하며,2
16,훌륭하지 않다,-2
17,훌륭하지 않게,-2
18,훌륭하지 않은,-2
19,훌륭하지 않고,-2
20,훌륭하지 않으며,-2
21,훌륭안한,-2
22,조용하게,1
23,조용한,1
24,조용하다,2
25,조용하고,2
26,조용하며,2
27,조용하지 않다,-2
28,조용하지 않게,-2
29,조용하지 않은,-2
30,조용하지 않고,-2
31,조용하지 않으며,-2
32,조용안한,-2
33,쾌적하게,1
34,쾌적한,1
35,쾌적하다,2
36,쾌적하고,2
37,쾌적하며,2
38,쾌적하지 않다,-2
39,쾌적하지 않게,-2
40,쾌적하지 않은,-2
41,쾌적하지 않고,-2
42,쾌적하지 않으며,-2
43,쾌적안한,-2
44,아늑하게,1
45,아늑한,1
46,아늑하다,2
47,아늑하고,2
48,아늑하며,2
49,아늑하지 않다,-2
50,아늑하지 않게,-2
51,아늑하지 않은,-2
52,아늑하지 않고,-2
53,아늑하지 않으며,-2
54,아늑안한,-2
55,따뜻하게,1
56,따뜻한,1
57,따뜻하다,2
58,따뜻하고,2
59,따뜻하며,2
60,따뜻하지 않다,-2
61,따뜻하지 않게,-2
62,따뜻하지 않은,-2
63,따뜻하지 않고,-2
64,따뜻하지 않으며,-2
65,따뜻안한,-2
66,깔끔하게,1
67,깔끔한,1
68,깔끔하다,2
69,깔끔하고,2
70,깔끔하며,2
71,깔끔하지 않다,-2
72,깔끔하지 않게,-2
73,깔끔하지 않은,-2
74,깔끔하지 않고,-2
75,깔끔하지 않으며,-2
76,깔끔안한,-2
77,정중하게,1
78,정중한,1
79,정중하다,2
80,정중하고,2
81,정중하며,2
82,정중하지 않다,-2
83,정중하지 않게,-2
84,정중하지 않은,-2
85,정중하지 않고,-2
86,정중하지 않으며,-2
87,정중안한,-2
88,세심하게,1
89,세심한,1
90,세심하다,2
91,세심하고,2
92,세심하며,2
93,세심하지 않다,-2
94,세심하지 않게,-2
95,세심하지 않은,-2
96,세심하지 않고,-2
97,세심하지 않으며,-2
98,세심안한,-2
99,충분하게,1
100,충분한,1
101,충분하다,2
102,충분하고,2
103,충분하며,2
104,충분하지 않다,-2
105,충분하지 않게,-2
106,충분하지 않은,-2
107,충분하지 않고,-2
108,충분하지 않으며,-2
109,충분안한,-2
110,명확하게,1
111,명확한,1
112,명확하다,2
113,명확하고,2
114,명확하며,2
115,명확하지 않다,-2
116,명확하지 않게,-2
117,명확하지 않은,-2
118,명확하지 않고,-2
119,명확하지 않으며,-2
120,명확안한,-2
121,불구하게,1
122,불구한,1
123,불구하다,2
124,불구하고,2
125,불구하며,2
126,불구하지 않다,-2
127,불구하지 않게,-2
128,불구하지 않은,-2
129,불구하지 않고,-2
130,불구하지 않으며,-2
131,불구안한,-2
132,저렴하게,1
133,저렴한,1
134,저렴하다,2
135,저렴하고,2
136,저렴하며,2
137,저렴하지 않다,-2
138,저렴하지 않게,-2
139,저렴하지 않은,-2
140,저렴하지 않고,-2
141,저렴하지 않으며,-2
142,저렴안한,-2
143,간단하게,1
144,간단한,1
145,간단하다,2
146,간단하고,2
147,간단하며,2
148,간단하지 않다,-2
149,간단하지 않게,-2
150,간단하지 않은,-2
151,간단하지 않고,-2
152,간단하지 않으며,-2
153,간단안한,-2
154,적당하게,1
155,적당한,1
156,적당하다,2
157,적당하고,2
158,적당하며,2
159,적당하지 않다,-2
160,적당하지 않게,-2
161,적당하지 않은,-2
162,적당하지 않고,-2
163,적당하지 않으며,-2
164,적당안한,-2
165,자세하게,1
166,자세한,1
167,자세하다,2
168,자세하고,2
169,자세하며,2
170,자세하지 않다,-2
171,자세하지 않게,-2
172,자세하지 않은,-2
173,자세하지 않고,-2
174,자세하지 않으며,-2
175,자세안한,-2
176,넉넉하게,1
177,넉넉한,1
178,넉넉하다,2
179,넉넉하고,2
180,넉넉하며,2
181,넉넉하지 않다,-2
182,넉넉하지 않게,-2
183,넉넉하지 않은,-2
184,넉넉하지 않고,-2
185,넉넉하지 않으며,-2
186,넉넉안한,-2
187,번화하게,1
188,번화한,1
189,번화하다,2
190,번화하고,2
191,번화하며,2
192,번화하지 않다,-2
193,번화하지 않게,-2
194,번화하지 않은,-2
195,번화하지 않고,-2
196,번화하지 않으며,-2
197,번화안한,-2
198,익숙하게,1
199,익숙한,1
200,익숙하다,2
201,익숙하고,2
202,익숙하며,2
203,익숙하지 않다,-2
204,익숙하지 않게,-2
205,익숙하지 않은,-2
206,익숙하지 않고,-2
207,익숙하지 않으며,-2
208,익숙안한,-2
209,유연하게,1
210,유연한,1
211,유연하다,2
212,유연하고,2
213,유연하며,2
214,유연하지 않다,-2
215,유연하지 않게,-2
216,유연하지 않은,-2
217,유연하지 않고,-2
218,유연하지 않으며,-2
219,유연안한,-2
220,세련하게,1
221,세련한,1
222,세련하다,2
223,세련하고,2
224,세련하며,2
225,세련하지 않다,-2
226,세련하지 않게,-2
227,세련하지 않은,-2
228,세련하지 않고,-2
229,세련하지 않으며,-2
230,세련안한,-2
231,푹신하게,1
232,푹신한,1
233,푹신하다,2
234,푹신하고,2
235,푹신하며,2
236,푹신하지 않다,-2
237,푹신하지 않게,-2
238,푹신하지 않은,-2
239,푹신하지 않고,-2
240,푹신하지 않으며,-2
241,푹신안한,-2
242,풍부하게,1
243,풍부한,1
244,풍부하다,2
245,풍부하고,2
246,풍부하며,2
247,풍부하지 않다,-2
248,풍부하지 않게,-2
249,풍부하지 않은,-2
250,풍부하지 않고,-2
251,풍부하지 않으며,-2
252,풍부안한,-2
253,맞이하게,1
254,맞이한,1
255,맞이하다,2
256,맞이하고,2
257,맞이하며,2
258,맞이하지 않다,-2
259,맞이하지 않게,-2
260,맞이하지 않은,-2
261,맞이하지 않고,-2
262,맞이하지 않으며,-2
263,맞이안한,-2
264,적절하게,1
265,적절한,1
266,적절하다,2
267,적절하고,2
268,적절하며,2
269,적절하지 않다,-2
270,적절하지 않게,-2
271,적절하지 않은,-2
272,적절하지 않고,-2
273,적절하지 않으며,-2
274,적절안한,-2
275,신선하게,1
276,신선한,1
277,신선하다,2
278,신선하고,2
279,신선하며,2
280,신선하지 않다,-2
281,신선하지 않게,-2
282,신선하지 않은,-2
283,신선하지 않고,-2
284,신선하지 않으며,-2
285,신선안한,-2
286,차분하게,1
287,차분한,1
288,차분하다,2
289,차분하고,2
290,차분하며,2
291,차분하지 않다,-2
292,차분하지 않게,-2
293,차분하지 않은,-2
294,차분하지 않고,-2
295,차분하지 않으며,-2
296,차분안한,-2
297,한적하게,1
298,한적한,1
299,한적하다,2
300,한적하고,2
301,한적하며,2
302,한적하지 않다,-2
303,한적하지 않게,-2
304,한적하지 않은,-2
305,한적하지 않고,-2
306,한적하지 않으며,-2
307,한적안한,-2
308,적합하게,1
309,적합한,1
310,적합하다,2
311,적합하고,2
312,적합하며,2
313,적합하지 않다,-2
314,적합하지 않게,-2
315,적합하지 않은,-2
316,적합하지 않고,-2
317,적합하지 않으며,-2
318,적합안한,-2
319,궁금하게,1
320,궁금한,1
321,궁금하다,2
322,궁금하고,2
323,궁금하며,2
324,궁금하지 않다,-2
325,궁금하지 않게,-2
326,궁금하지 않은,-2
327,궁금하지 않고,-2
328,궁금하지 않으며,-2
329,궁금안한,-2
330,간편하게,1
331,간편한,1
332,간편하다,2
333,간편하고,2
334,간편하며,2
335,간편하지 않다,-2
336,간편하지 않게,-2
337,간편하지 않은,-2
338,간편하지 않고,-2
339,간편하지 않으며,-2
340,간편안한,-2
341,관대하게,1
342,관대한,1
343,관대하다,2
344,관대하고,2
345,관대하며,2
346,관대하지 않다,-2
347,관대하지 않게,-2
348,관대하지 않은,-2
349,관대하지 않고,-2
350,관대하지 않으며,-2
351,관대안한,-2
352,상냥하게,1
353,상냥한,1
354,상냥하다,2
355,상냥하고,2
356,상냥하며,2
357,상냥하지 않다,-2
358,상냥하지 않게,-2
359,상냥하지 않은,-2
360,상냥하지 않고,-2
361,상냥하지 않으며,-2
362,상냥안한,-2
363,시원하게,1
364,시원한,1
365,시원하다,2
366,시원하고,2
367,시원하며,2
368,시원하지 않다,-2
369,시원하지 않게,-2
370,시원하지 않은,-2
371,시원하지 않고,-2
372,시원하지 않으며,-2
373,시원안한,-2
374,진정하게,1
375,진정한,1
376,진정하다,2
377,진정하고,2
378,진정하며,2
379,진정하지 않다,-2
380,진정하지 않게,-2
381,진정하지 않은,-2
382,진정하지 않고,-2
383,진정하지 않으며,-2
384,진정안한,-2
385,상세하게,1
386,상세한,1
387,상세하다,2
388,상세하고,2
389,상세하며,2
390,상세하지 않다,-2
391,상세하지 않게,-2
392,상세하지 않은,-2
393,상세하지 않고,-2
394,상세하지 않으며,-2
395,상세안한,-2
396,용이하게,1
397,용이한,1
398,용이하다,2
399,용이하고,2
400,용이하며,2
401,용이하지 않다,-2
402,용이하지 않게,-2
403,용이하지 않은,-2
404,용이하지 않고,-2
405,용이하지 않으며,-2
406,용이안한,-2
407,느긋하게,1
408,느긋한,1
409,느긋하다,2
410,느긋하고,2
411,느긋하며,2
412,느긋하지 않다,-2
413,느긋하지 않게,-2
414,느긋하지 않은,-2
415,느긋하지 않고,-2
416,느긋하지 않으며,-2
417,느긋안한,-2
418,세세하게,1
419,세세한,1
420,세세하다,2
421,세세하고,2
422,세세하며,2
423,세세하지 않다,-2
424,세세하지 않게,-2
425,세세하지 않은,-2
426,세세하지 않고,-2
427,세세하지 않으며,-2
428,세세안한,-2
429,사소하게,1
430,사소한,1
431,사소하다,2
432,사소하고,2
433,사소하며,2
434,사소하지 않다,-2
435,사소하지 않게,-2
436,사소하지 않은,-2
437,사소하지 않고,-2
438,사소하지 않으며,-2
439,사소안한,-2
440,복잡하게,1
441,복잡한,1
442,복잡하다,2
443,복잡하고,2
444,복잡하며,2
445,복잡하지 않다,-2
446,복잡하지 않게,-2
447,복잡하지 않은,-2
448,복잡하지 않고,-2
449,복잡하지 않으며,-2
450,복잡안한,-2
451,확실하게,1
452,확실한,1
453,확실하다,2
454,확실하고,2
455,확실하며,2
456,확실하지 않다,-2
457,확실하지 않게,-2
458,확실하지 않은,-2
459,확실하지 않고,-2
460,확실하지 않으며,-2
461,확실안한,-2
462,민감하게,1
463,민감한,1
464,민감하다,2
465,민감하고,2
466,민감하며,2
467,민감하지 않다,-2
468,민감하지 않게,-2
469,민감하지 않은,-2
470,민감하지 않고,-2
471,민감하지 않으며,-2
472,민감안한,-2
473,정확하게,1
474,정확한,1
475,정확하다,2
476,정확하고,2
477,정확하며,2
478,정확하지 않다,-2
479,정확하지 않게,-2
480,정확하지 않은,-2
481,정확하지 않고,-2
482,정확하지 않으며,-2
483,정확안한,-2
484,친근하게,1
485,친근한,1
486,친근하다,2
487,친근하고,2
488,친근하며,2
489,친근하지 않다,-2
490,친근하지 않게,-2
491,친근하지 않은,-2
492,친근하지 않고,-2
493,친근하지 않으며,-2
494,친근안한,-2
495,단단하게,1
496,단단한,1
497,단단하다,2
498,단단하고,2
499,단단하며,2
500,단단하지 않다,-2
501,단단하지 않게,-2
502,단단하지 않은,-2
503,단단하지 않고,-2
504,단단하지 않으며,-2
505,단단안한,-2
506,탁월하게,1
507,탁월한,1
508,탁월하다,2
509,탁월하고,2
510,탁월하며,2
511,탁월하지 않다,-2
512,탁월하지 않게,-2
513,탁월하지 않은,-2
514,탁월하지 않고,-2
515,탁월하지 않으며,-2
516,탁월안한,-2
517,다양하게,1
518,다양한,1
519,다양하다,2
520,다양하고,2
521,다양하며,2
522,다양하지 않다,-2
523,다양하지 않게,-2
524,다양하지 않은,-2
525,다양하지 않고,-2
526,다양하지 않으며,-2
527,다양안한,-2
528,딱딱하게,1
529,딱딱한,1
530,딱딱하다,2
531,딱딱하고,2
532,딱딱하며,2
533,딱딱하지 않다,-2
534,딱딱하지 않게,-2
535,딱딱하지 않은,-2
536,딱딱하지 않고,-2
537,딱딱하지 않으며,-2
538,딱딱안한,-2
539,비슷하게,1
540,비슷한,1
541,비슷하다,2
542,비슷하고,2
543,비슷하며,2
544,비슷하지 않다,-2
545,비슷하지 않게,-2
546,비슷하지 않은,-2
547,비슷하지 않고,-2
548,비슷하지 않으며,-2
549,비슷안한,-2
550,유쾌하게,1
551,유쾌한,1
552,유쾌하다,2
553,유쾌하고,2
554,유쾌하며,2
555,유쾌하지 않다,-2
556,유쾌하지 않게,-2
557,유쾌하지 않은,-2
558,유쾌하지 않고,-2
559,유쾌하지 않으며,-2
560,유쾌안한,-2
561,유용하게,1
562,유용한,1
563,유용하다,2
564,유용하고,2
565,유용하며,2
566,유용하지 않다,-2
567,유용하지 않게,-2
568,유용하지 않은,-2
569,유용하지 않고,-2
570,유용하지 않으며,-2
571,유용안한,-2
572,편하게,1
573,편한,1
574,편하다,2
575,편하고,2
576,편하며,2
577,편하지 않다,-2
578,편하지 않게,-2
579,편하지 않은,-2
580,편하지 않고,-2
581,편하지 않으며,-2
582,편안한,-2
583,굉장하게,1
584,굉장한,1
585,굉장하다,2
586,굉장하고,2
587,굉장하며,2
588,굉장하지 않다,-2
589,굉장하지 않게,-2
590,굉장하지 않은,-2
591,굉장하지 않고,-2
592,굉장하지 않으며,-2
593,굉장안한,-2
594,죄송하게,1
595,죄송한,1
596,죄송하다,2
597,죄송하고,2
598,죄송하며,2
599,죄송하지 않다,-2
600,죄송하지 않게,-2
601,죄송하지 않은,-2
602,죄송하지 않고,-2
603,죄송하지 않으며,-2
604,죄송안한,-2
605,귀중하게,1
606,귀중한,1
607,귀중하다,2
608,귀중하고,2
609,귀중하며,2
610,귀중하지 않다,-2
611,귀중하지 않게,-2
612,귀중하지 않은,-2
613,귀중하지 않고,-2
614,귀중하지 않으며,-2
615,귀중안한,-2
616,불쾌하게,1
617,불쾌한,1
618,불쾌하다,2
619,불쾌하고,2
620,불쾌하며,2
621,불쾌하지 않다,-2
622,불쾌하지 않게,-2
623,불쾌하지 않은,-2
624,불쾌하지 않고,-2
625,불쾌하지 않으며,-2
626,불쾌안한,-2
627,강력하게,1
628,강력한,1
629,강력하다,2
630,강력하고,2
631,강력하며,2
632,강력하지 않다,-2
633,강력하지 않게,-2
634,강력하지 않은,-2
635,강력하지 않고,-2
636,강력하지 않으며,-2
637,강력안한,-2
638,빡빡하게,1
639,빡빡한,1
640,빡빡하다,2
641,빡빡하고,2
642,빡빡하며,2
643,빡빡하지 않다,-2
644,빡빡하지 않게,-2
645,빡빡하지 않은,-2
646,빡빡하지 않고,-2
647,빡빡하지 않으며,-2
648,빡빡안한,-2
649,평범하게,1
650,평범한,1
651,평범하다,2
652,평범하고,2
653,평범하며,2
654,평범하지 않다,-2
655,평범하지 않게,-2
656,평범하지 않은,-2
657,평범하지 않고,-2
658,평범하지 않으며,-2
659,평범안한,-2
660,엄격하게,1
661,엄격한,1
662,엄격하다,2
663,엄격하고,2
664,엄격하며,2
665,엄격하지 않다,-2
666,엄격하지 않게,-2
667,엄격하지 않은,-2
668,엄격하지 않고,-2
669,엄격하지 않으며,-2
670,엄격안한,-2
671,이러하게,1
672,이러한,1
673,이러하다,2
674,이러하고,2
675,이러하며,2
676,이러하지 않다,-2
677,이러하지 않게,-2
678,이러하지 않은,-2
679,이러하지 않고,-2
680,이러하지 않으며,-2
681,이러안한,-2
682,번잡하게,1
683,번잡한,1
684,번잡하다,2
685,번잡하고,2
686,번잡하며,2
687,번잡하지 않다,-2
688,번잡하지 않게,-2
689,번잡하지 않은,-2
690,번잡하지 않고,-2
691,번잡하지 않으며,-2
692,번잡안한,-2
693,섬세하게,1
694,섬세한,1
695,섬세하다,2
696,섬세하고,2
697,섬세하며,2
698,섬세하지 않다,-2
699,섬세하지 않게,-2
700,섬세하지 않은,-2
701,섬세하지 않고,-2
702,섬세하지 않으며,-2
703,섬세안한,-2
704,대단하게,1
705,대단한,1
706,대단하다,2
707,대단하고,2
708,대단하며,2
709,대단하지 않다,-2
710,대단하지 않게,-2
711,대단하지 않은,-2
712,대단하지 않고,-2
713,대단하지 않으며,-2
714,대단안한,-2
715,능숙하게,1
716,능숙한,1
717,능숙하다,2
718,능숙하고,2
719,능숙하며,2
720,능숙하지 않다,-2
721,능숙하지 않게,-2
722,능숙하지 않은,-2
723,능숙하지 않고,-2
724,능숙하지 않으며,-2
725,능숙안한,-2
726,신속하게,1
727,신속한,1
728,신속하다,2
729,신속하고,2
730,신속하며,2
731,신속하지 않다,-2
732,신속하지 않게,-2
733,신속하지 않은,-2
734,신속하지 않고,-2
735,신속하지 않으며,-2
736,신속안한,-2
737,예민하게,1
738,예민한,1
739,예민하다,2
740,예민하고,2
741,예민하며,2
742,예민하지 않다,-2
743,예민하지 않게,-2
744,예민하지 않은,-2
745,예민하지 않고,-2
746,예민하지 않으며,-2
747,예민안한,-2
748,달콤하게,1
749,달콤한,1
750,달콤하다,2
751,달콤하고,2
752,달콤하며,2
753,달콤하지 않다,-2
754,달콤하지 않게,-2
755,달콤하지 않은,-2
756,달콤하지 않고,-2
757,달콤하지 않으며,-2
758,달콤안한,-2
759,진지하게,1
760,진지한,1
761,진지하다,2
762,진지하고,2
763,진지하며,2
764,진지하지 않다,-2
765,진지하지 않게,-2
766,진지하지 않은,-2
767,진지하지 않고,-2
768,진지하지 않으며,-2
769,진지안한,-2
770,우아하게,1
771,우아한,1
772,우아하다,2
773,우아하고,2
774,우아하며,2
775,우아하지 않다,-2
776,우아하지 않게,-2
777,우아하지 않은,-2
778,우아하지 않고,-2
779,우아하지 않으며,-2
780,우아안한,-2
781,지저분하게,1
782,지저분한,1
783,지저분하다,2
784,지저분하고,2
785,지저분하며,2
786,지저분하지 않다,-2
787,지저분하지 않게,-2
788,지저분하지 않은,-2
789,지저분하지 않고,-2
790,지저분하지 않으며,-2
791,지저분안한,-2
792,화려하게,1
793,화려한,1
794,화려하다,2
795,화려하고,2
796,화려하며,2
797,화려하지 않다,-2
798,화려하지 않게,-2
799,화려하지 않은,-2
800,화려하지 않고,-2
801,화려하지 않으며,-2
802,화려안한,-2
803,답답하게,1
804,답답한,1
805,답답하다,2
806,답답하고,2
807,답답하며,2
808,답답하지 않다,-2
809,답답하지 않게,-2
810,답답하지 않은,-2
811,답답하지 않고,-2
812,답답하지 않으며,-2
813,답답안한,-2
814,즐비하게,1
815,즐비한,1
816,즐비하다,2
817,즐비하고,2
818,즐비하며,2
819,즐비하지 않다,-2
820,즐비하지 않게,-2
821,즐비하지 않은,-2
822,즐비하지 않고,-2
823,즐비하지 않으며,-2
824,즐비안한,-2
825,수월하게,1
826,수월한,1
827,수월하다,2
828,수월하고,2
829,수월하며,2
830,수월하지 않다,-2
831,수월하지 않게,-2
832,수월하지 않은,-2
833,수월하지 않고,-2
834,수월하지 않으며,-2
835,수월안한,-2
836,특별하게,1
837,특별한,1
838,특별하다,2
839,특별하고,2
840,특별하며,2
841,특별하지 않다,-2
842,특별하지 않게,-2
843,특별하지 않은,-2
844,특별하지 않고,-2
845,특별하지 않으며,-2
846,특별안한,-2
847,끔찍하게,1
848,끔찍한,1
849,끔찍하다,2
850,끔찍하고,2
851,끔찍하며,2
852,끔찍하지 않다,-2
853,끔찍하지 않게,-2
854,끔찍하지 않은,-2
855,끔찍하지 않고,-2
856,끔찍하지 않으며,-2
857,끔찍안한,-2
858,상쾌하게,1
859,상쾌한,1
860,상쾌하다,2
861,상쾌하고,2
862,상쾌하며,2
863,상쾌하지 않다,-2
864,상쾌하지 않게,-2
865,상쾌하지 않은,-2
866,상쾌하지 않고,-2
867,상쾌하지 않으며,-2
868,상쾌안한,-2
869,소박하게,1
870,소박한,1
871,소박하다,2
872,소박하고,2
873,소박하며,2
874,소박하지 않다,-2
875,소박하지 않게,-2
876,소박하지 않은,-2
877,소박하지 않고,-2
878,소박하지 않으며,-2
879,소박안한,-2
880,강하게,1
881,강한,1
882,강하다,2
883,강하고,2
884,강하며,2
885,강하지 않다,-2
886,강하지 않게,-2
887,강하지 않은,-2
888,강하지 않고,-2
889,강하지 않으며,-2
890,강안한,-2
891,어색하게,1
892,어색한,1
893,어색하다,2
894,어색하고,2
895,어색하며,2
896,어색하지 않다,-2
897,어색하지 않게,-2
898,어색하지 않은,-2
899,어색하지 않고,-2
900,어색하지 않으며,-2
901,어색안한,-2
902,온화하게,1
903,온화한,1
904,온화하다,2
905,온화하고,2
906,온화하며,2
907,온화하지 않다,-2
908,온화하지 않게,-2
909,온화하지 않은,-2
910,온화하지 않고,-2
911,온화하지 않으며,-2
912,온화안한,-2
913,유창하게,1
914,유창한,1
915,유창하다,2
916,유창하고,2
917,유창하며,2
918,유창하지 않다,-2
919,유창하지 않게,-2
920,유창하지 않은,-2
921,유창하지 않고,-2
922,유창하지 않으며,-2
923,유창안한,-2
924,지루하게,1
925,지루한,1
926,지루하다,2
927,지루하고,2
928,지루하며,2
929,지루하지 않다,-2
930,지루하지 않게,-2
931,지루하지 않은,-2
932,지루하지 않고,-2
933,지루하지 않으며,-2
934,지루안한,-2
935,번거하게,1
936,번거한,1
937,번거하다,2
938,번거하고,2
939,번거하며,2
940,번거하지 않다,-2
941,번거하지 않게,-2
942,번거하지 않은,-2
943,번거하지 않고,-2
944,번거하지 않으며,-2
945,번거안한,-2
946,확고하게,1
947,확고한,1
948,확고하다,2
949,확고하고,2
950,확고하며,2
951,확고하지 않다,-2
952,확고하지 않게,-2
953,확고하지 않은,-2
954,확고하지 않고,-2
955,확고하지 않으며,-2
956,확고안한,-2
957,독특하게,1
958,독특한,1
959,독특하다,2
960,독특하고,2
961,독특하며,2
962,독특하지 않다,-2
963,독특하지 않게,-2
964,독특하지 않은,-2
965,독특하지 않고,-2
966,독특하지 않으며,-2
967,독특안한,-2
968,견고하게,1
969,견고한,1
970,견고하다,2
971,견고하고,2
972,견고하며,2
973,견고하지 않다,-2
974,견고하지 않게,-2
975,견고하지 않은,-2
976,견고하지 않고,-2
977,견고하지 않으며,-2
978,견고안한,-2
979,어수선하게,1
980,어수선한,1
981,어수선하다,2
982,어수선하고,2
983,어수선하며,2
984,어수선하지 않다,-2
985,어수선하지 않게,-2
986,어수선하지 않은,-2
987,어수선하지 않고,-2
988,어수선하지 않으며,-2
989,어수선안한,-2
990,정교하게,1
991,정교한,1
992,정교하다,2
993,정교하고,2
994,정교하며,2
995,정교하지 않다,-2
996,정교하지 않게,-2
997,정교하지 않은,-2
998,정교하지 않고,-2
999,정교하지 않으며,-2
1000,정교안한,-2
1001,소중하게,1
1002,소중한,1
1003,소중하다,2
1004,소중하고,2
1005,소중하며,2
1006,소중하지 않다,-2
1007,소중하지 않게,-2
1008,소중하지 않은,-2
1009,소중하지 않고,-2
1010,소중하지 않으며,-2
1011,소중안한,-2
1012,아담하게,1
1013,아담한,1
1014,아담하다,2
1015,아담하고,2
1016,아담하며,2
1017,아담하지 않다,-2
1018,아담하지 않게,-2
1019,아담하지 않은,-2
1020,아담하지 않고,-2
1021,아담하지 않으며,-2
1022,아담안한,-2
1023,솔직하게,1
1024,솔직한,1
1025,솔직하다,2
1026,솔직하고,2
1027,솔직하며,2
1028,솔직하지 않다,-2
1029,솔직하지 않게,-2
1030,솔직하지 않은,-2
1031,솔직하지 않고,-2
1032,솔직하지 않으며,-2
1033,솔직안한,-2
1034,심각하게,1
1035,심각한,1
1036,심각하다,2
1037,심각하고,2
1038,심각하며,2
1039,심각하지 않다,-2
1040,심각하지 않게,-2
1041,심각하지 않은,-2
1042,심각하지 않고,-2
1043,심각하지 않으며,-2
1044,심각안한,-2
1045,간결하게,1
1046,간결한,1
1047,간결하다,2
1048,간결하고,2
1049,간결하며,2
1050,간결하지 않다,-2
1051,간결하지 않게,-2
1052,간결하지 않은,-2
1053,간결하지 않고,-2
1054,간결하지 않으며,-2
1055,간결안한,-2
1056,웬만하게,1
1057,웬만한,1
1058,웬만하다,2
1059,웬만하고,2
1060,웬만하며,2
1061,웬만하지 않다,-2
1062,웬만하지 않게,-2
1063,웬만하지 않은,-2
1064,웬만하지 않고,-2
1065,웬만하지 않으며,-2
1066,웬만안한,-2
1067,평평하게,1
1068,평평한,1
1069,평평하다,2
1070,평평하고,2
1071,평평하며,2
1072,평평하지 않다,-2
1073,평평하지 않게,-2
1074,평평하지 않은,-2
1075,평평하지 않고,-2
1076,평평하지 않으며,-2
1077,평평안한,-2
1078,심하게,1
1079,심한,1
1080,심하다,2
1081,심하고,2
1082,심하며,2
1083,심하지 않다,-2
1084,심하지 않게,-2
1085,심하지 않은,-2
1086,심하지 않고,-2
1087,심하지 않으며,-2
1088,심안한,-2
1089,철저하게,1
1090,철저한,1
1091,철저하다,2
1092,철저하고,2
1093,철저하며,2
1094,철저하지 않다,-2
1095,철저하지 않게,-2
1096,철저하지 않은,-2
1097,철저하지 않고,-2
1098,철저하지 않으며,-2
1099,철저안한,-2
1100,흔하게,1
1101,흔한,1
1102,흔하다,2
1103,흔하고,2
1104,흔하며,2
1105,흔하지 않다,-2
1106,흔하지 않게,-2
1107,흔하지 않은,-2
1108,흔하지 않고,-2
1109,흔하지 않으며,-2
1110,흔안한,-2
1111,퀴퀴하게,1
1112,퀴퀴한,1
1113,퀴퀴하다,2
1114,퀴퀴하고,2
1115,퀴퀴하며,2
1116,퀴퀴하지 않다,-2
1117,퀴퀴하지 않게,-2
1118,퀴퀴하지 않은,-2
1119,퀴퀴하지 않고,-2
1120,퀴퀴하지 않으며,-2
1121,퀴퀴안한,-2
1122,분주하게,1
1123,분주한,1
1124,분주하다,2
1125,분주하고,2
1126,분주하며,2
1127,분주하지 않다,-2
1128,분주하지 않게,-2
1129,분주하지 않은,-2
1130,분주하지 않고,-2
1131,분주하지 않으며,-2
1132,분주안한,-2
1133,주요하게,1
1134,주요한,1
1135,주요하다,2
1136,주요하고,2
1137,주요하며,2
1138,주요하지 않다,-2
1139,주요하지 않게,-2
1140,주요하지 않은,-2
1141,주요하지 않고,-2
1142,주요하지 않으며,-2
1143,주요안한,-2
1144,환하게,1
1145,환한,1
1146,환하다,2
1147,환하고,2
1148,환하며,2
1149,환하지 않다,-2
1150,환하지 않게,-2
1151,환하지 않은,-2
1152,환하지 않고,-2
1153,환하지 않으며,-2
1154,환안한,-2
1155,가능하게,1
1156,가능한,1
1157,가능하다,2
1158,가능하고,2
1159,가능하며,2
1160,가능하지 않다,-2
1161,가능하지 않게,-2
1162,가능하지 않은,-2
1163,가능하지 않고,-2
1164,가능하지 않으며,-2
1165,가능안한,-2
1166,비롯하게,1
1167,비롯한,1
1168,비롯하다,2
1169,비롯하고,2
1170,비롯하며,2
1171,비롯하지 않다,-2
1172,비롯하지 않게,-2
1173,비롯하지 않은,-2
1174,비롯하지 않고,-2
1175,비롯하지 않으며,-2
1176,비롯안한,-2
1177,뻣뻣하게,1
1178,뻣뻣한,1
1179,뻣뻣하다,2
1180,뻣뻣하고,2
1181,뻣뻣하며,2
1182,뻣뻣하지 않다,-2
1183,뻣뻣하지 않게,-2
1184,뻣뻣하지 않은,-2
1185,뻣뻣하지 않고,-2
1186,뻣뻣하지 않으며,-2
1187,뻣뻣안한,-2
1188,그러하게,1
1189,그러한,1
1190,그러하다,2
1191,그러하고,2
1192,그러하며,2
1193,그러하지 않다,-2
1194,그러하지 않게,-2
1195,그러하지 않은,-2
1196,그러하지 않고,-2
1197,그러하지 않으며,-2
1198,그러안한,-2
1199,절묘하게,1
1200,절묘한,1
1201,절묘하다,2
1202,절묘하고,2
1203,절묘하며,2
1204,절묘하지 않다,-2
1205,절묘하지 않게,-2
1206,절묘하지 않은,-2
1207,절묘하지 않고,-2
1208,절묘하지 않으며,-2
1209,절묘안한,-2
1210,활발하게,1
1211,활발한,1
1212,활발하다,2
1213,활발하고,2
1214,활발하며,2
1215,활발하지 않다,-2
1216,활발하지 않게,-2
1217,활발하지 않은,-2
1218,활발하지 않고,-2
1219,활발하지 않으며,-2
1220,활발안한,-2
1221,풍성하게,1
1222,풍성한,1
1223,풍성하다,2
1224,풍성하고,2
1225,풍성하며,2
1226,풍성하지 않다,-2
1227,풍성하지 않게,-2
1228,풍성하지 않은,-2
1229,풍성하지 않고,-2
1230,풍성하지 않으며,-2
1231,풍성안한,-2
1232,다채하게,1
1233,다채한,1
1234,다채하다,2
1235,다채하고,2
1236,다채하며,2
1237,다채하지 않다,-2
1238,다채하지 않게,-2
1239,다채하지 않은,-2
1240,다채하지 않고,-2
1241,다채하지 않으며,-2
1242,다채안한,-2
1243,포근하게,1
1244,포근한,1
1245,포근하다,2
1246,포근하고,2
1247,포근하며,2
1248,포근하지 않다,-2
1249,포근하지 않게,-2
1250,포근하지 않은,-2
1251,포근하지 않고,-2
1252,포근하지 않으며,-2
1253,포근안한,-2
1254,쾌활하게,1
1255,쾌활한,1
1256,쾌활하다,2
1257,쾌활하고,2
1258,쾌활하며,2
1259,쾌활하지 않다,-2
1260,쾌활하지 않게,-2
1261,쾌활하지 않은,-2
1262,쾌활하지 않고,-2
1263,쾌활하지 않으며,-2
1264,쾌활안한,-2
1265,유익하게,1
1266,유익한,1
1267,유익하다,2
1268,유익하고,2
1269,유익하며,2
1270,유익하지 않다,-2
1271,유익하지 않게,-2
1272,유익하지 않은,-2
1273,유익하지 않고,-2
1274,유익하지 않으며,-2
1275,유익안한,-2
1276,희미하게,1
1277,희미한,1
1278,희미하다,2
1279,희미하고,2
1280,희미하며,2
1281,희미하지 않다,-2
1282,희미하지 않게,-2
1283,희미하지 않은,-2
1284,희미하지 않고,-2
1285,희미하지 않으며,-2
1286,희미안한,-2
1287,유일하게,1
1288,유일한,1
1289,유일하다,2
1290,유일하고,2
1291,유일하며,2
1292,유일하지 않다,-2
1293,유일하지 않게,-2
1294,유일하지 않은,-2
1295,유일하지 않고,-2
1296,유일하지 않으며,-2
1297,유일안한,-2
1298,능통하게,1
1299,능통한,1
1300,능통하다,2
1301,능통하고,2
1302,능통하며,2
1303,능통하지 않다,-2
1304,능통하지 않게,-2
1305,능통하지 않은,-2
1306,능통하지 않고,-2
1307,능통하지 않으며,-2
1308,능통안한,-2
1309,똑똑하게,1
1310,똑똑한,1
1311,똑똑하다,2
1312,똑똑하고,2
1313,똑똑하며,2
1314,똑똑하지 않다,-2
1315,똑똑하지 않게,-2
1316,똑똑하지 않은,-2
1317,똑똑하지 않고,-2
1318,똑똑하지 않으며,-2
1319,똑똑안한,-2
1320,단순하게,1
1321,단순한,1
1322,단순하다,2
1323,단순하고,2
1324,단순하며,2
1325,단순하지 않다,-2
1326,단순하지 않게,-2
1327,단순하지 않은,-2
1328,단순하지 않고,-2
1329,단순하지 않으며,-2
1330,단순안한,-2
1331,영리하게,1
1332,영리한,1
1333,영리하다,2
1334,영리하고,2
1335,영리하며,2
1336,영리하지 않다,-2
1337,영리하지 않게,-2
1338,영리하지 않은,-2
1339,영리하지 않고,-2
1340,영리하지 않으며,-2
1341,영리안한,-2
1342,튼튼하게,1
1343,튼튼한,1
1344,튼튼하다,2
1345,튼튼하고,2
1346,튼튼하며,2
1347,튼튼하지 않다,-2
1348,튼튼하지 않게,-2
1349,튼튼하지 않은,-2
1350,튼튼하지 않고,-2
1351,튼튼하지 않으며,-2
1352,튼튼안한,-2
1353,축축하게,1
1354,축축한,1
1355,축축하다,2
1356,축축하고,2
1357,축축하며,2
1358,축축하지 않다,-2
1359,축축하지 않게,-2
1360,축축하지 않은,-2
1361,축축하지 않고,-2
1362,축축하지 않으며,-2
1363,축축안한,-2
1364,협소하게,1
1365,협소한,1
1366,협소하다,2
1367,협소하고,2
1368,협소하며,2
1369,협소하지 않다,-2
1370,협소하지 않게,-2
1371,협소하지 않은,-2
1372,협소하지 않고,-2
1373,협소하지 않으며,-2
1374,협소안한,-2
1375,면하게,1
1376,면한,1
1377,면하다,2
1378,면하고,2
1379,면하며,2
1380,면하지 않다,-2
1381,면하지 않게,-2
1382,면하지 않은,-2
1383,면하지 않고,-2
1384,면하지 않으며,-2
1385,면안한,-2
1386,참신하게,1
1387,참신한,1
1388,참신하다,2
1389,참신하고,2
1390,참신하며,2
1391,참신하지 않다,-2
1392,참신하지 않게,-2
1393,참신하지 않은,-2
1394,참신하지 않고,-2
1395,참신하지 않으며,-2
1396,참신안한,-2
1397,당연하게,1
1398,당연한,1
1399,당연하다,2
1400,당연하고,2
1401,당연하며,2
1402,당연하지 않다,-2
1403,당연하지 않게,-2
1404,당연하지 않은,-2
1405,당연하지 않고,-2
1406,당연하지 않으며,-2
1407,당연안한,-2
1408,은은하게,1
1409,은은한,1
1410,은은하다,2
1411,은은하고,2
1412,은은하며,2
1413,은은하지 않다,-2
1414,은은하지 않게,-2
1415,은은하지 않은,-2
1416,은은하지 않고,-2
1417,은은하지 않으며,-2
1418,은은안한,-2
1419,산뜻하게,1
1420,산뜻한,1
1421,산뜻하다,2
1422,산뜻하고,2
1423,산뜻하며,2
1424,산뜻하지 않다,-2
1425,산뜻하지 않게,-2
1426,산뜻하지 않은,-2
1427,산뜻하지 않고,-2
1428,산뜻하지 않으며,-2
1429,산뜻안한,-2
1430,한가하게,1
1431,한가한,1
1432,한가하다,2
1433,한가하고,2
1434,한가하며,2
1435,한가하지 않다,-2
1436,한가하지 않게,-2
1437,한가하지 않은,-2
1438,한가하지 않고,-2
1439,한가하지 않으며,-2
1440,한가안한,-2
1441,이만하게,1
1442,이만한,1
1443,이만하다,2
1444,이만하고,2
1445,이만하며,2
1446,이만하지 않다,-2
1447,이만하지 않게,-2
1448,이만하지 않은,-2
1449,이만하지 않고,-2
1450,이만하지 않으며,-2
1451,이만안한,-2
1452,애매하게,1
1453,애매한,1
1454,애매하다,2
1455,애매하고,2
1456,애매하며,2
1457,애매하지 않다,-2
1458,애매하지 않게,-2
1459,애매하지 않은,-2
1460,애매하지 않고,-2
1461,애매하지 않으며,-2
1462,애매안한,-2
1463,빠듯하게,1
1464,빠듯한,1
1465,빠듯하다,2
1466,빠듯하고,2
1467,빠듯하며,2
1468,빠듯하지 않다,-2
1469,빠듯하지 않게,-2
1470,빠듯하지 않은,-2
1471,빠듯하지 않고,-2
1472,빠듯하지 않으며,-2
1473,빠듯안한,-2
1474,기발하게,1
1475,기발한,1
1476,기발하다,2
1477,기발하고,2
1478,기발하며,2
1479,기발하지 않다,-2
1480,기발하지 않게,-2
1481,기발하지 않은,-2
1482,기발하지 않고,-2
1483,기발하지 않으며,-2
1484,기발안한,-2
1485,느슨하게,1
1486,느슨한,1
1487,느슨하다,2
1488,느슨하고,2
1489,느슨하며,2
1490,느슨하지 않다,-2
1491,느슨하지 않게,-2
1492,느슨하지 않은,-2
1493,느슨하지 않고,-2
1494,느슨하지 않으며,-2
1495,느슨안한,-2
1496,푸짐하게,1
1497,푸짐한,1
1498,푸짐하다,2
1499,푸짐하고,2
1500,푸짐하며,2
1501,푸짐하지 않다,-2
1502,푸짐하지 않게,-2
1503,푸짐하지 않은,-2
1504,푸짐하지 않고,-2
1505,푸짐하지 않으며,-2
1506,푸짐안한,-2
1507,간소하게,1
1508,간소한,1
1509,간소하다,2
1510,간소하고,2
1511,간소하며,2
1512,간소하지 않다,-2
1513,간소하지 않게,-2
1514,간소하지 않은,-2
1515,간소하지 않고,-2
1516,간소하지 않으며,-2
1517,간소안한,-2
1518,간략하게,1
1519,간략한,1
1520,간략하다,2
1521,간략하고,2
1522,간략하며,2
1523,간략하지 않다,-2
1524,간략하지 않게,-2
1525,간략하지 않은,-2
1526,간략하지 않고,-2
1527,간략하지 않으며,-2
1528,간략안한,-2
1529,정연하게,1
1530,정연한,1
1531,정연하다,2
1532,정연하고,2
1533,정연하며,2
1534,정연하지 않다,-2
1535,정연하지 않게,-2
1536,정연하지 않은,-2
1537,정연하지 않고,-2
1538,정연하지 않으며,-2
1539,정연안한,-2
1540,심심하게,1
1541,심심한,1
1542,심심하다,2
1543,심심하고,2
1544,심심하며,2
1545,심심하지 않다,-2
1546,심심하지 않게,-2
1547,심심하지 않은,-2
1548,심심하지 않고,-2
1549,심심하지 않으며,-2
1550,심심안한,-2
1551,중요하게,1
1552,중요한,1
1553,중요하다,2
1554,중요하고,2
1555,중요하며,2
1556,중요하지 않다,-2
1557,중요하지 않게,-2
1558,중요하지 않은,-2
1559,중요하지 않고,-2
1560,중요하지 않으며,-2
1561,중요안한,-2
1562,거대하게,1
1563,거대한,1
1564,거대하다,2
1565,거대하고,2
1566,거대하며,2
1567,거대하지 않다,-2
1568,거대하지 않게,-2
1569,거대하지 않은,-2
1570,거대하지 않고,-2
1571,거대하지 않으며,-2
1572,거대안한,-2
1573,든든하게,1
1574,든든한,1
1575,든든하다,2
1576,든든하고,2
1577,든든하며,2
1578,든든하지 않다,-2
1579,든든하지 않게,-2
1580,든든하지 않은,-2
1581,든든하지 않고,-2
1582,든든하지 않으며,-2
1583,든든안한,-2
1584,눅눅하게,1
1585,눅눅한,1
1586,눅눅하다,2
1587,눅눅하고,2
1588,눅눅하며,2
1589,눅눅하지 않다,-2
1590,눅눅하지 않게,-2
1591,눅눅하지 않은,-2
1592,눅눅하지 않고,-2
1593,눅눅하지 않으며,-2
1594,눅눅안한,-2
1595,웅장하게,1
1596,웅장한,1
1597,웅장하다,2
1598,웅장하고,2
1599,웅장하며,2
1600,웅장하지 않다,-2
1601,웅장하지 않게,-2
1602,웅장하지 않은,-2
1603,웅장하지 않고,-2
1604,웅장하지 않으며,-2
1605,웅장안한,-2
1606,열악하게,1
1607,열악한,1
1608,열악하다,2
1609,열악하고,2
1610,열악하며,2
1611,열악하지 않다,-2
1612,열악하지 않게,-2
1613,열악하지 않은,-2
1614,열악하지 않고,-2
1615,열악하지 않으며,-2
1616,열악안한,-2
1617,희귀하게,1
1618,희귀한,1
1619,희귀하다,2
1620,희귀하고,2
1621,희귀하며,2
1622,희귀하지 않다,-2
1623,희귀하지 않게,-2
1624,희귀하지 않은,-2
1625,희귀하지 않고,-2
1626,희귀하지 않으며,-2
1627,희귀안한,-2
1628,유명하게,1
1629,유명한,1
1630,유명하다,2
1631,유명하고,2
1632,유명하며,2
1633,유명하지 않다,-2
1634,유명하지 않게,-2
1635,유명하지 않은,-2
1636,유명하지 않고,-2
1637,유명하지 않으며,-2
1638,유명안한,-2
1639,꼼꼼하게,1
1640,꼼꼼한,1
1641,꼼꼼하다,2
1642,꼼꼼하고,2
1643,꼼꼼하며,2
1644,꼼꼼하지 않다,-2
1645,꼼꼼하지 않게,-2
1646,꼼꼼하지 않은,-2
1647,꼼꼼하지 않고,-2
1648,꼼꼼하지 않으며,-2
1649,꼼꼼안한,-2
1650,미묘하게,1
1651,미묘한,1
1652,미묘하다,2
1653,미묘하고,2
1654,미묘하며,2
1655,미묘하지 않다,-2
1656,미묘하지 않게,-2
1657,미묘하지 않은,-2
1658,미묘하지 않고,-2
1659,미묘하지 않으며,-2
1660,미묘안한,-2
1661,신기하게,1
1662,신기한,1
1663,신기하다,2
1664,신기하고,2
1665,신기하며,2
1666,신기하지 않다,-2
1667,신기하지 않게,-2
1668,신기하지 않은,-2
1669,신기하지 않고,-2
1670,신기하지 않으며,-2
1671,신기안한,-2
1672,다정하게,1
1673,다정한,1
1674,다정하다,2
1675,다정하고,2
1676,다정하며,2
1677,다정하지 않다,-2
1678,다정하지 않게,-2
1679,다정하지 않은,-2
1680,다정하지 않고,-2
1681,다정하지 않으며,-2
1682,다정안한,-2
1683,허름하게,1
1684,허름한,1
1685,허름하다,2
1686,허름하고,2
1687,허름하며,2
1688,허름하지 않다,-2
1689,허름하지 않게,-2
1690,허름하지 않은,-2
1691,허름하지 않고,-2
1692,허름하지 않으며,-2
1693,허름안한,-2
1694,동일하게,1
1695,동일한,1
1696,동일하다,2
1697,동일하고,2
1698,동일하며,2
1699,동일하지 않다,-2
1700,동일하지 않게,-2
1701,동일하지 않은,-2
1702,동일하지 않고,-2
1703,동일하지 않으며,-2
1704,동일안한,-2
1705,바람직하게,1
1706,바람직한,1
1707,바람직하다,2
1708,바람직하고,2
1709,바람직하며,2
1710,바람직하지 않다,-2
1711,바람직하지 않게,-2
1712,바람직하지 않은,-2
1713,바람직하지 않고,-2
1714,바람직하지 않으며,-2
1715,바람직안한,-2
1716,위대하게,1
1717,위대한,1
1718,위대하다,2
1719,위대하고,2
1720,위대하며,2
1721,위대하지 않다,-2
1722,위대하지 않게,-2
1723,위대하지 않은,-2
1724,위대하지 않고,-2
1725,위대하지 않으며,-2
1726,위대안한,-2
1727,무난하게,1
1728,무난한,1
1729,무난하다,2
1730,무난하고,2
1731,무난하며,2
1732,무난하지 않다,-2
1733,무난하지 않게,-2
1734,무난하지 않은,-2
1735,무난하지 않고,-2
1736,무난하지 않으며,-2
1737,무난안한,-2
1738,강렬하게,1
1739,강렬한,1
1740,강렬하다,2
1741,강렬하고,2
1742,강렬하며,2
1743,강렬하지 않다,-2
1744,강렬하지 않게,-2
1745,강렬하지 않은,-2
1746,강렬하지 않고,-2
1747,강렬하지 않으며,-2
1748,강렬안한,-2
1749,쌀쌀하게,1
1750,쌀쌀한,1
1751,쌀쌀하다,2
1752,쌀쌀하고,2
1753,쌀쌀하며,2
1754,쌀쌀하지 않다,-2
1755,쌀쌀하지 않게,-2
1756,쌀쌀하지 않은,-2
1757,쌀쌀하지 않고,-2
1758,쌀쌀하지 않으며,-2
1759,쌀쌀안한,-2
1760,잔잔하게,1
1761,잔잔한,1
1762,잔잔하다,2
1763,잔잔하고,2
1764,잔잔하며,2
1765,잔잔하지 않다,-2
1766,잔잔하지 않게,-2
1767,잔잔하지 않은,-2
1768,잔잔하지 않고,-2
1769,잔잔하지 않으며,-2
1770,잔잔안한,-2
1771,엉뚱하게,1
1772,엉뚱한,1
1773,엉뚱하다,2
1774,엉뚱하고,2
1775,엉뚱하며,2
1776,엉뚱하지 않다,-2
1777,엉뚱하지 않게,-2
1778,엉뚱하지 않은,-2
1779,엉뚱하지 않고,-2
1780,엉뚱하지 않으며,-2
1781,엉뚱안한,-2
1782,폭신하게,1
1783,폭신한,1
1784,폭신하다,2
1785,폭신하고,2
1786,폭신하며,2
1787,폭신하지 않다,-2
1788,폭신하지 않게,-2
1789,폭신하지 않은,-2
1790,폭신하지 않고,-2
1791,폭신하지 않으며,-2
1792,폭신안한,-2
1793,널찍하게,1
1794,널찍한,1
1795,널찍하다,2
1796,널찍하고,2
1797,널찍하며,2
1798,널찍하지 않다,-2
1799,널찍하지 않게,-2
1800,널찍하지 않은,-2
1801,널찍하지 않고,-2
1802,널찍하지 않으며,-2
1803,널찍안한,-2
1804,친밀하게,1
1805,친밀한,1
1806,친밀하다,2
1807,친밀하고,2
1808,친밀하며,2
1809,친밀하지 않다,-2
1810,친밀하지 않게,-2
1811,친밀하지 않은,-2
1812,친밀하지 않고,-2
1813,친밀하지 않으며,-2
1814,친밀안한,-2
1815,찝찝하게,1
1816,찝찝한,1
1817,찝찝하다,2
1818,찝찝하고,2
1819,찝찝하며,2
1820,찝찝하지 않다,-2
1821,찝찝하지 않게,-2
1822,찝찝하지 않은,-2
1823,찝찝하지 않고,-2
1824,찝찝하지 않으며,-2
1825,찝찝안한,-2
1826,불가피하게,1
1827,불가피한,1
1828,불가피하다,2
1829,불가피하고,2
1830,불가피하며,2
1831,불가피하지 않다,-2
1832,불가피하지 않게,-2
1833,불가피하지 않은,-2
1834,불가피하지 않고,-2
1835,불가피하지 않으며,-2
1836,불가피안한,-2
1837,긴밀하게,1
1838,긴밀한,1
1839,긴밀하다,2
1840,긴밀하고,2
1841,긴밀하며,2
1842,긴밀하지 않다,-2
1843,긴밀하지 않게,-2
1844,긴밀하지 않은,-2
1845,긴밀하지 않고,-2
1846,긴밀하지 않으며,-2
1847,긴밀안한,-2
1848,소소하게,1
1849,소소한,1
1850,소소하다,2
1851,소소하고,2
1852,소소하며,2
1853,소소하지 않다,-2
1854,소소하지 않게,-2
1855,소소하지 않은,-2
1856,소소하지 않고,-2
1857,소소하지 않으며,-2
1858,소소안한,-2
1859,단란하게,1
1860,단란한,1
1861,단란하다,2
1862,단란하고,2
1863,단란하며,2
1864,단란하지 않다,-2
1865,단란하지 않게,-2
1866,단란하지 않은,-2
1867,단란하지 않고,-2
1868,단란하지 않으며,-2
1869,단란안한,-2
1870,마땅하게,1
1871,마땅한,1
1872,마땅하다,2
1873,마땅하고,2
1874,마땅하며,2
1875,마땅하지 않다,-2
1876,마땅하지 않게,-2
1877,마땅하지 않은,-2
1878,마땅하지 않고,-2
1879,마땅하지 않으며,-2
1880,마땅안한,-2
1881,끈적하게,1
1882,끈적한,1
1883,끈적하다,2
1884,끈적하고,2
1885,끈적하며,2
1886,끈적하지 않다,-2
1887,끈적하지 않게,-2
1888,끈적하지 않은,-2
1889,끈적하지 않고,-2
1890,끈적하지 않으며,-2
1891,끈적안한,-2
1892,쿵쾅하게,1
1893,쿵쾅한,1
1894,쿵쾅하다,2
1895,쿵쾅하고,2
1896,쿵쾅하며,2
1897,쿵쾅하지 않다,-2
1898,쿵쾅하지 않게,-2
1899,쿵쾅하지 않은,-2
1900,쿵쾅하지 않고,-2
1901,쿵쾅하지 않으며,-2
1902,쿵쾅안한,-2
1903,믿음직하게,1
1904,믿음직한,1
1905,믿음직하다,2
1906,믿음직하고,2
1907,믿음직하며,2
1908,믿음직하지 않다,-2
1909,믿음직하지 않게,-2
1910,믿음직하지 않은,-2
1911,믿음직하지 않고,-2
1912,믿음직하지 않으며,-2
1913,믿음직안한,-2
1914,생생하게,1
1915,생생한,1
1916,생생하다,2
1917,생생하고,2
1918,생생하며,2
1919,생생하지 않다,-2
1920,생생하지 않게,-2
1921,생생하지 않은,-2
1922,생생하지 않고,-2
1923,생생하지 않으며,-2
1924,생생안한,-2
1925,따듯하게,1
1926,따듯한,1
1927,따듯하다,2
1928,따듯하고,2
1929,따듯하며,2
1930,따듯하지 않다,-2
1931,따듯하지 않게,-2
1932,따듯하지 않은,-2
1933,따듯하지 않고,-2
1934,따듯하지 않으며,-2
1935,따듯안한,-2
1936,초라하게,1
1937,초라한,1
1938,초라하다,2
1939,초라하고,2
1940,초라하며,2
1941,초라하지 않다,-2
1942,초라하지 않게,-2
1943,초라하지 않은,-2
1944,초라하지 않고,-2
1945,초라하지 않으며,-2
1946,초라안한,-2
1947,격렬하게,1
1948,격렬한,1
1949,격렬하다,2
1950,격렬하고,2
1951,격렬하며,2
1952,격렬하지 않다,-2
1953,격렬하지 않게,-2
1954,격렬하지 않은,-2
1955,격렬하지 않고,-2
1956,격렬하지 않으며,-2
1957,격렬안한,-2
1958,또렷하게,1
1959,또렷한,1
1960,또렷하다,2
1961,또렷하고,2
1962,또렷하며,2
1963,또렷하지 않다,-2
1964,또렷하지 않게,-2
1965,또렷하지 않은,-2
1966,또렷하지 않고,-2
1967,또렷하지 않으며,-2
1968,또렷안한,-2
1969,뚜렷하게,1
1970,뚜렷한,1
1971,뚜렷하다,2
1972,뚜렷하고,2
1973,뚜렷하며,2
1974,뚜렷하지 않다,-2
1975,뚜렷하지 않게,-2
1976,뚜렷하지 않은,-2
1977,뚜렷하지 않고,-2
1978,뚜렷하지 않으며,-2
1979,뚜렷안한,-2
1980,엉성하게,1
1981,엉성한,1
1982,엉성하다,2
1983,엉성하고,2
1984,엉성하며,2
1985,엉성하지 않다,-2
1986,엉성하지 않게,-2
1987,엉성하지 않은,-2
1988,엉성하지 않고,-2
1989,엉성하지 않으며,-2
1990,엉성안한,-2
1991,민첩하게,1
1992,민첩한,1
1993,민첩하다,2
1994,민첩하고,2
1995,민첩하며,2
1996,민첩하지 않다,-2
1997,민첩하지 않게,-2
1998,민첩하지 않은,-2
1999,민첩하지 않고,-2
2000,민첩하지 않으며,-2
2001,민첩안한,-2
2002,탄탄하게,1
2003,탄탄한,1
2004,탄탄하다,2
2005,탄탄하고,2
2006,탄탄하며,2
2007,탄탄하지 않다,-2
2008,탄탄하지 않게,-2
2009,탄탄하지 않은,-2
2010,탄탄하지 않고,-2
2011,탄탄하지 않으며,-2
2012,탄탄안한,-2
2013,특이하게,1
2014,특이한,1
2015,특이하다,2
2016,특이하고,2
2017,특이하며,2
2018,특이하지 않다,-2
2019,특이하지 않게,-2
2020,특이하지 않은,-2
2021,특이하지 않고,-2
2022,특이하지 않으며,-2
2023,특이안한,-2
2024,그만하게,1
2025,그만한,1
2026,그만하다,2
2027,그만하고,2
2028,그만하며,2
2029,그만하지 않다,-2
2030,그만하지 않게,-2
2031,그만하지 않은,-2
2032,그만하지 않고,-2
2033,그만하지 않으며,-2
2034,그만안한,-2
2035,고즈넉하게,1
2036,고즈넉한,1
2037,고즈넉하다,2
2038,고즈넉하고,2
2039,고즈넉하며,2
2040,고즈넉하지 않다,-2
2041,고즈넉하지 않게,-2
2042,고즈넉하지 않은,-2
2043,고즈넉하지 않고,-2
2044,고즈넉하지 않으며,-2
2045,고즈넉안한,-2
2046,납작하게,1
2047,납작한,1
2048,납작하다,2
2049,납작하고,2
2050,납작하며,2
2051,납작하지 않다,-2
2052,납작하지 않게,-2
2053,납작하지 않은,-2
2054,납작하지 않고,-2
2055,납작하지 않으며,-2
2056,납작안한,-2
2057,어떠하게,1
2058,어떠한,1
2059,어떠하다,2
2060,어떠하고,2
2061,어떠하며,2
2062,어떠하지 않다,-2
2063,어떠하지 않게,-2
2064,어떠하지 않은,-2
2065,어떠하지 않고,-2
2066,어떠하지 않으며,-2
2067,어떠안한,-2
2068,유사하게,1
2069,유사한,1
2070,유사하다,2
2071,유사하고,2
2072,유사하며,2
2073,유사하지 않다,-2
2074,유사하지 않게,-2
2075,유사하지 않은,-2
2076,유사하지 않고,-2
2077,유사하지 않으며,-2
2078,유사안한,-2
2079,합당하게,1
2080,합당한,1
2081,합당하다,2
2082,합당하고,2
2083,합당하며,2
2084,합당하지 않다,-2
2085,합당하지 않게,-2
2086,합당하지 않은,-2
2087,합당하지 않고,-2
2088,합당하지 않으며,-2
2089,합당안한,-2
2090,족하게,1
2091,족한,1
2092,족하다,2
2093,족하고,2
2094,족하며,2
2095,족하지 않다,-2
2096,족하지 않게,-2
2097,족하지 않은,-2
2098,족하지 않고,-2
2099,족하지 않으며,-2
2100,족안한,-2
2101,허술하게,1
2102,허술한,1
2103,허술하다,2
2104,허술하고,2
2105,허술하며,2
2106,허술하지 않다,-2
2107,허술하지 않게,-2
2108,허술하지 않은,-2
2109,허술하지 않고,-2
2110,허술하지 않으며,-2
2111,허술안한,-2
2112,민망하게,1
2113,민망한,1
2114,민망하다,2
2115,민망하고,2
2116,민망하며,2
2117,민망하지 않다,-2
2118,민망하지 않게,-2
2119,민망하지 않은,-2
2120,민망하지 않고,-2
2121,민망하지 않으며,-2
2122,민망안한,-2
2123,싱싱하게,1
2124,싱싱한,1
2125,싱싱하다,2
2126,싱싱하고,2
2127,싱싱하며,2
2128,싱싱하지 않다,-2
2129,싱싱하지 않게,-2
2130,싱싱하지 않은,-2
2131,싱싱하지 않고,-2
2132,싱싱하지 않으며,-2
2133,싱싱안한,-2
2134,생소하게,1
2135,생소한,1
2136,생소하다,2
2137,생소하고,2
2138,생소하며,2
2139,생소하지 않다,-2
2140,생소하지 않게,-2
2141,생소하지 않은,-2
2142,생소하지 않고,-2
2143,생소하지 않으며,-2
2144,생소안한,-2
2145,무성하게,1
2146,무성한,1
2147,무성하다,2
2148,무성하고,2
2149,무성하며,2
2150,무성하지 않다,-2
2151,무성하지 않게,-2
2152,무성하지 않은,-2
2153,무성하지 않고,-2
2154,무성하지 않으며,-2
2155,무성안한,-2
2156,성급하게,1
2157,성급한,1
2158,성급하다,2
2159,성급하고,2
2160,성급하며,2
2161,성급하지 않다,-2
2162,성급하지 않게,-2
2163,성급하지 않은,-2
2164,성급하지 않고,-2
2165,성급하지 않으며,-2
2166,성급안한,-2
2167,자잘하게,1
2168,자잘한,1
2169,자잘하다,2
2170,자잘하고,2
2171,자잘하며,2
2172,자잘하지 않다,-2
2173,자잘하지 않게,-2
2174,자잘하지 않은,-2
2175,자잘하지 않고,-2
2176,자잘하지 않으며,-2
2177,자잘안한,-2
2178,엄하게,1
2179,엄한,1
2180,엄하다,2
2181,엄하고,2
2182,엄하며,2
2183,엄하지 않다,-2
2184,엄하지 않게,-2
2185,엄하지 않은,-2
2186,엄하지 않고,-2
2187,엄하지 않으며,-2
2188,엄안한,-2
2189,중하게,1
2190,중한,1
2191,중하다,2
2192,중하고,2
2193,중하며,2
2194,중하지 않다,-2
2195,중하지 않게,-2
2196,중하지 않은,-2
2197,중하지 않고,-2
2198,중하지 않으며,-2
2199,중안한,-2
2200,깊숙하게,1
2201,깊숙한,1
2202,깊숙하다,2
2203,깊숙하고,2
2204,깊숙하며,2
2205,깊숙하지 않다,-2
2206,깊숙하지 않게,-2
2207,깊숙하지 않은,-2
2208,깊숙하지 않고,-2
2209,깊숙하지 않으며,-2
2210,깊숙안한,-2
2211,타당하게,1
2212,타당한,1
2213,타당하다,2
2214,타당하고,2
2215,타당하며,2
2216,타당하지 않다,-2
2217,타당하지 않게,-2
2218,타당하지 않은,-2
2219,타당하지 않고,-2
2220,타당하지 않으며,-2
2221,타당안한,-2
2222,두툼하게,1
2223,두툼한,1
2224,두툼하다,2
2225,두툼하고,2
2226,두툼하며,2
2227,두툼하지 않다,-2
2228,두툼하지 않게,-2
2229,두툼하지 않은,-2
2230,두툼하지 않고,-2
2231,두툼하지 않으며,-2
2232,두툼안한,-2
2233,상큼하게,1
2234,상큼한,1
2235,상큼하다,2
2236,상큼하고,2
2237,상큼하며,2
2238,상큼하지 않다,-2
2239,상큼하지 않게,-2
2240,상큼하지 않은,-2
2241,상큼하지 않고,-2
2242,상큼하지 않으며,-2
2243,상큼안한,-2
2244,세밀하게,1
2245,세밀한,1
2246,세밀하다,2
2247,세밀하고,2
2248,세밀하며,2
2249,세밀하지 않다,-2
2250,세밀하지 않게,-2
2251,세밀하지 않은,-2
2252,세밀하지 않고,-2
2253,세밀하지 않으며,-2
2254,세밀안한,-2
2255,지독하게,1
2256,지독한,1
2257,지독하다,2
2258,지독하고,2
2259,지독하며,2
2260,지독하지 않다,-2
2261,지독하지 않게,-2
2262,지독하지 않은,-2
2263,지독하지 않고,-2
2264,지독하지 않으며,-2
2265,지독안한,-2
2266,편평하게,1
2267,편평한,1
2268,편평하다,2
2269,편평하고,2
2270,편평하며,2
2271,편평하지 않다,-2
2272,편평하지 않게,-2
2273,편평하지 않은,-2
2274,편평하지 않고,-2
2275,편평하지 않으며,-2
2276,편평안한,-2
2277,비스듬하게,1
2278,비스듬한,1
2279,비스듬하다,2
2280,비스듬하고,2
2281,비스듬하며,2
2282,비스듬하지 않다,-2
2283,비스듬하지 않게,-2
2284,비스듬하지 않은,-2
2285,비스듬하지 않고,-2
2286,비스듬하지 않으며,-2
2287,비스듬안한,-2
2288,친숙하게,1
2289,친숙한,1
2290,친숙하다,2
2291,친숙하고,2
2292,친숙하며,2
2293,친숙하지 않다,-2
2294,친숙하지 않게,-2
2295,친숙하지 않은,-2
2296,친숙하지 않고,-2
2297,친숙하지 않으며,-2
2298,친숙안한,-2
2299,교묘하게,1
2300,교묘한,1
2301,교묘하다,2
2302,교묘하고,2
2303,교묘하며,2
2304,교묘하지 않다,-2
2305,교묘하지 않게,-2
2306,교묘하지 않은,-2
2307,교묘하지 않고,-2
2308,교묘하지 않으며,-2
2309,교묘안한,-2
2310,온순하게,1
2311,온순한,1
2312,온순하다,2
2313,온순하고,2
2314,온순하며,2
2315,온순하지 않다,-2
2316,온순하지 않게,-2
2317,온순하지 않은,-2
2318,온순하지 않고,-2
2319,온순하지 않으며,-2
2320,온순안한,-2
2321,화창하게,1
2322,화창한,1
2323,화창하다,2
2324,화창하고,2
2325,화창하며,2
2326,화창하지 않다,-2
2327,화창하지 않게,-2
2328,화창하지 않은,-2
2329,화창하지 않고,-2
2330,화창하지 않으며,-2
2331,화창안한,-2
2332,노련하게,1
2333,노련한,1
2334,노련하다,2
2335,노련하고,2
2336,노련하며,2
2337,노련하지 않다,-2
2338,노련하지 않게,-2
2339,노련하지 않은,-2
2340,노련하지 않고,-2
2341,노련하지 않으며,-2
2342,노련안한,-2
2343,흥미진진하게,1
2344,흥미진진한,1
2345,흥미진진하다,2
2346,흥미진진하고,2
2347,흥미진진하며,2
2348,흥미진진하지 않다,-2
2349,흥미진진하지 않게,-2
2350,흥미진진하지 않은,-2
2351,흥미진진하지 않고,-2
2352,흥미진진하지 않으며,-2
2353,흥미진진안한,-2
2354,자상하게,1
2355,자상한,1
2356,자상하다,2
2357,자상하고,2
2358,자상하며,2
2359,자상하지 않다,-2
2360,자상하지 않게,-2
2361,자상하지 않은,-2
2362,자상하지 않고,-2
2363,자상하지 않으며,-2
2364,자상안한,-2
2365,떠들썩하게,1
2366,떠들썩한,1
2367,떠들썩하다,2
2368,떠들썩하고,2
2369,떠들썩하며,2
2370,떠들썩하지 않다,-2
2371,떠들썩하지 않게,-2
2372,떠들썩하지 않은,-2
2373,떠들썩하지 않고,-2
2374,떠들썩하지 않으며,-2
2375,떠들썩안한,-2
2376,촘촘하게,1
2377,촘촘한,1
2378,촘촘하다,2
2379,촘촘하고,2
2380,촘촘하며,2
2381,촘촘하지 않다,-2
2382,촘촘하지 않게,-2
2383,촘촘하지 않은,-2
2384,촘촘하지 않고,-2
2385,촘촘하지 않으며,-2
2386,촘촘안한,-2
2387,조그마하게,1
2388,조그마한,1
2389,조그마하다,2
2390,조그마하고,2
2391,조그마하며,2
2392,조그마하지 않다,-2
2393,조그마하지 않게,-2
2394,조그마하지 않은,-2
2395,조그마하지 않고,-2
2396,조그마하지 않으며,-2
2397,조그마안한,-2
2398,빽빽하게,1
2399,빽빽한,1
2400,빽빽하다,2
2401,빽빽하고,2
2402,빽빽하며,2
2403,빽빽하지 않다,-2
2404,빽빽하지 않게,-2
2405,빽빽하지 않은,-2
2406,빽빽하지 않고,-2
2407,빽빽하지 않으며,-2
2408,빽빽안한,-2
2409,후덥지근하게,1
2410,후덥지근한,1
2411,후덥지근하다,2
2412,후덥지근하고,2
2413,후덥지근하며,2
2414,후덥지근하지 않다,-2
2415,후덥지근하지 않게,-2
2416,후덥지근하지 않은,-2
2417,후덥지근하지 않고,-2
2418,후덥지근하지 않으며,-2
2419,후덥지근안한,-2
2420,시큼하게,1
2421,시큼한,1
2422,시큼하다,2
2423,시큼하고,2
2424,시큼하며,2
2425,시큼하지 않다,-2
2426,시큼하지 않게,-2
2427,시큼하지 않은,-2
2428,시큼하지 않고,-2
2429,시큼하지 않으며,-2
2430,시큼안한,-2
2431,고상하게,1
2432,고상한,1
2433,고상하다,2
2434,고상하고,2
2435,고상하며,2
2436,고상하지 않다,-2
2437,고상하지 않게,-2
2438,고상하지 않은,-2
2439,고상하지 않고,-2
2440,고상하지 않으며,-2
2441,고상안한,-2
2442,향긋하게,1
2443,향긋한,1
2444,향긋하다,2
2445,향긋하고,2
2446,향긋하며,2
2447,향긋하지 않다,-2
2448,향긋하지 않게,-2
2449,향긋하지 않은,-2
2450,향긋하지 않고,-2
2451,향긋하지 않으며,-2
2452,향긋안한,-2
2453,멍청하게,1
2454,멍청한,1
2455,멍청하다,2
2456,멍청하고,2
2457,멍청하며,2
2458,멍청하지 않다,-2
2459,멍청하지 않게,-2
2460,멍청하지 않은,-2
2461,멍청하지 않고,-2
2462,멍청하지 않으며,-2
2463,멍청안한,-2
2464,조밀하게,1
2465,조밀한,1
2466,조밀하다,2
2467,조밀하고,2
2468,조밀하며,2
2469,조밀하지 않다,-2
2470,조밀하지 않게,-2
2471,조밀하지 않은,-2
2472,조밀하지 않고,-2
2473,조밀하지 않으며,-2
2474,조밀안한,-2
2475,열렬하게,1
2476,열렬한,1
2477,열렬하다,2
2478,열렬하고,2
2479,열렬하며,2
2480,열렬하지 않다,-2
2481,열렬하지 않게,-2
2482,열렬하지 않은,-2
2483,열렬하지 않고,-2
2484,열렬하지 않으며,-2
2485,열렬안한,-2
2486,근사하게,1
2487,근사한,1
2488,근사하다,2
2489,근사하고,2
2490,근사하며,2
2491,근사하지 않다,-2
2492,근사하지 않게,-2
2493,근사하지 않은,-2
2494,근사하지 않고,-2
2495,근사하지 않으며,-2
2496,근사안한,-2
2497,절친하게,1
2498,절친한,1
2499,절친하다,2
2500,절친하고,2
2501,절친하며,2
2502,절친하지 않다,-2
2503,절친하지 않게,-2
2504,절친하지 않은,-2
2505,절친하지 않고,-2
2506,절친하지 않으며,-2
2507,절친안한,-2
2508,분명하게,1
2509,분명한,1
2510,분명하다,2
2511,분명하고,2
2512,분명하며,2
2513,분명하지 않다,-2
2514,분명하지 않게,-2
2515,분명하지 않은,-2
2516,분명하지 않고,-2
2517,분명하지 않으며,-2
2518,분명안한,-2
2519,털털하게,1
2520,털털한,1
2521,털털하다,2
2522,털털하고,2
2523,털털하며,2
2524,털털하지 않다,-2
2525,털털하지 않게,-2
2526,털털하지 않은,-2
2527,털털하지 않고,-2
2528,털털하지 않으며,-2
2529,털털안한,-2
2530,준수하게,1
2531,준수한,1
2532,준수하다,2
2533,준수하고,2
2534,준수하며,2
2535,준수하지 않다,-2
2536,준수하지 않게,-2
2537,준수하지 않은,-2
2538,준수하지 않고,-2
2539,준수하지 않으며,-2
2540,준수안한,-2
2541,이상하게,1
2542,이상한,1
2543,이상하다,2
2544,이상하고,2
2545,이상하며,2
2546,이상하지 않다,-2
2547,이상하지 않게,-2
2548,이상하지 않은,-2
2549,이상하지 않고,-2
2550,이상하지 않으며,-2
2551,이상안한,-2
2552,단정하게,1
2553,단정한,1
2554,단정하다,2
2555,단정하고,2
2556,단정하며,2
2557,단정하지 않다,-2
2558,단정하지 않게,-2
2559,단정하지 않은,-2
2560,단정하지 않고,-2
2561,단정하지 않으며,-2
2562,단정안한,-2
2563,명료하게,1
2564,명료한,1
2565,명료하다,2
2566,명료하고,2
2567,명료하며,2
2568,명료하지 않다,-2
2569,명료하지 않게,-2
2570,명료하지 않은,-2
2571,명료하지 않고,-2
2572,명료하지 않으며,-2
2573,명료안한,-2
2574,경미하게,1
2575,경미한,1
2576,경미하다,2
2577,경미하고,2
2578,경미하며,2
2579,경미하지 않다,-2
2580,경미하지 않게,-2
2581,경미하지 않은,-2
2582,경미하지 않고,-2
2583,경미하지 않으며,-2
2584,경미안한,-2
2585,황량하게,1
2586,황량한,1
2587,황량하다,2
2588,황량하고,2
2589,황량하며,2
2590,황량하지 않다,-2
2591,황량하지 않게,-2
2592,황량하지 않은,-2
2593,황량하지 않고,-2
2594,황량하지 않으며,-2
2595,황량안한,-2
2596,당황하게,1
2597,당황한,1
2598,당황하다,2
2599,당황하고,2
2600,당황하며,2
2601,당황하지 않다,-2
2602,당황하지 않게,-2
2603,당황하지 않은,-2
2604,당황하지 않고,-2
2605,당황하지 않으며,-2
2606,당황안한,-2
2607,칙칙하게,1
2608,칙칙한,1
2609,칙칙하다,2
2610,칙칙하고,2
2611,칙칙하며,2
2612,칙칙하지 않다,-2
2613,칙칙하지 않게,-2
2614,칙칙하지 않은,-2
2615,칙칙하지 않고,-2
2616,칙칙하지 않으며,-2
2617,칙칙안한,-2
2618,날씬하게,1
2619,날씬한,1
2620,날씬하다,2
2621,날씬하고,2
2622,날씬하며,2
2623,날씬하지 않다,-2
2624,날씬하지 않게,-2
2625,날씬하지 않은,-2
2626,날씬하지 않고,-2
2627,날씬하지 않으며,-2
2628,날씬안한,-2
2629,기이하게,1
2630,기이한,1
2631,기이하다,2
2632,기이하고,2
2633,기이하며,2
2634,기이하지 않다,-2
2635,기이하지 않게,-2
2636,기이하지 않은,-2
2637,기이하지 않고,-2
2638,기이하지 않으며,-2
2639,기이안한,-2
2640,고요하게,1
2641,고요한,1
2642,고요하다,2
2643,고요하고,2
2644,고요하며,2
2645,고요하지 않다,-2
2646,고요하지 않게,-2
2647,고요하지 않은,-2
2648,고요하지 않고,-2
2649,고요하지 않으며,-2
2650,고요안한,-2
2651,미숙하게,1
2652,미숙한,1
2653,미숙하다,2
2654,미숙하고,2
2655,미숙하며,2
2656,미숙하지 않다,-2
2657,미숙하지 않게,-2
2658,미숙하지 않은,-2
2659,미숙하지 않고,-2
2660,미숙하지 않으며,-2
2661,미숙안한,-2
2662,잡다하게,1
2663,잡다한,1
2664,잡다하다,2
2665,잡다하고,2
2666,잡다하며,2
2667,잡다하지 않다,-2
2668,잡다하지 않게,-2
2669,잡다하지 않은,-2
2670,잡다하지 않고,-2
2671,잡다하지 않으며,-2
2672,잡다안한,-2
2673,막연하게,1
2674,막연한,1
2675,막연하다,2
2676,막연하고,2
2677,막연하며,2
2678,막연하지 않다,-2
2679,막연하지 않게,-2
2680,막연하지 않은,-2
2681,막연하지 않고,-2
2682,막연하지 않으며,-2
2683,막연안한,-2
2684,거북하게,1
2685,거북한,1
2686,거북하다,2
2687,거북하고,2
2688,거북하며,2
2689,거북하지 않다,-2
2690,거북하지 않게,-2
2691,거북하지 않은,-2
2692,거북하지 않고,-2
2693,거북하지 않으며,-2
2694,거북안한,-2
2695,단호하게,1
2696,단호한,1
2697,단호하다,2
2698,단호하고,2
2699,단호하며,2
2700,단호하지 않다,-2
2701,단호하지 않게,-2
2702,단호하지 않은,-2
2703,단호하지 않고,-2
2704,단호하지 않으며,-2
2705,단호안한,-2
2706,드라마틱하게,1
2707,드라마틱한,1
2708,드라마틱하다,2
2709,드라마틱하고,2
2710,드라마틱하며,2
2711,드라마틱하지 않다,-2
2712,드라마틱하지 않게,-2
2713,드라마틱하지 않은,-2
2714,드라마틱하지 않고,-2
2715,드라마틱하지 않으며,-2
2716,드라마틱안한,-2
2717,용감하게,1
2718,용감한,1
2719,용감하다,2
2720,용감하고,2
2721,용감하며,2
2722,용감하지 않다,-2
2723,용감하지 않게,-2
2724,용감하지 않은,-2
2725,용감하지 않고,-2
2726,용감하지 않으며,-2
2727,용감안한,-2
2728,조급하게,1
2729,조급한,1
2730,조급하다,2
2731,조급하고,2
2732,조급하며,2
2733,조급하지 않다,-2
2734,조급하지 않게,-2
2735,조급하지 않은,-2
2736,조급하지 않고,-2
2737,조급하지 않으며,-2
2738,조급안한,-2
2739,빈번하게,1
2740,빈번한,1
2741,빈번하다,2
2742,빈번하고,2
2743,빈번하며,2
2744,빈번하지 않다,-2
2745,빈번하지 않게,-2
2746,빈번하지 않은,-2
2747,빈번하지 않고,-2
2748,빈번하지 않으며,-2
2749,빈번안한,-2
2750,훈훈하게,1
2751,훈훈한,1
2752,훈훈하다,2
2753,훈훈하고,2
2754,훈훈하며,2
2755,훈훈하지 않다,-2
2756,훈훈하지 않게,-2
2757,훈훈하지 않은,-2
2758,훈훈하지 않고,-2
2759,훈훈하지 않으며,-2
2760,훈훈안한,-2
2761,우수하게,1
2762,우수한,1
2763,우수하다,2
2764,우수하고,2
2765,우수하며,2
2766,우수하지 않다,-2
2767,우수하지 않게,-2
2768,우수하지 않은,-2
2769,우수하지 않고,-2
2770,우수하지 않으며,-2
2771,우수안한,-2
2772,모호하게,1
2773,모호한,1
2774,모호하다,2
2775,모호하고,2
2776,모호하며,2
2777,모호하지 않다,-2
2778,모호하지 않게,-2
2779,모호하지 않은,-2
2780,모호하지 않고,-2
2781,모호하지 않으며,-2
2782,모호안한,-2
2783,미지근하게,1
2784,미지근한,1
2785,미지근하다,2
2786,미지근하고,2
2787,미지근하며,2
2788,미지근하지 않다,-2
2789,미지근하지 않게,-2
2790,미지근하지 않은,-2
2791,미지근하지 않고,-2
2792,미지근하지 않으며,-2
2793,미지근안한,-2
2794,썰렁하게,1
2795,썰렁한,1
2796,썰렁하다,2
2797,썰렁하고,2
2798,썰렁하며,2
2799,썰렁하지 않다,-2
2800,썰렁하지 않게,-2
2801,썰렁하지 않은,-2
2802,썰렁하지 않고,-2
2803,썰렁하지 않으며,-2
2804,썰렁안한,-2
2805,광활하게,1
2806,광활한,1
2807,광활하다,2
2808,광활하고,2
2809,광활하며,2
2810,광활하지 않다,-2
2811,광활하지 않게,-2
2812,광활하지 않은,-2
2813,광활하지 않고,-2
2814,광활하지 않으며,-2
2815,광활안한,-2
2816,자욱하게,1
2817,자욱한,1
2818,자욱하다,2
2819,자욱하고,2
2820,자욱하며,2
2821,자욱하지 않다,-2
2822,자욱하지 않게,-2
2823,자욱하지 않은,-2
2824,자욱하지 않고,-2
2825,자욱하지 않으며,-2
2826,자욱안한,-2
2827,예리하게,1
2828,예리한,1
2829,예리하다,2
2830,예리하고,2
2831,예리하며,2
2832,예리하지 않다,-2
2833,예리하지 않게,-2
2834,예리하지 않은,-2
2835,예리하지 않고,-2
2836,예리하지 않으며,-2
2837,예리안한,-2
2838,극심하게,1
2839,극심한,1
2840,극심하다,2
2841,극심하고,2
2842,극심하며,2
2843,극심하지 않다,-2
2844,극심하지 않게,-2
2845,극심하지 않은,-2
2846,극심하지 않고,-2
2847,극심하지 않으며,-2
2848,극심안한,-2
2849,임박하게,1
2850,임박한,1
2851,임박하다,2
2852,임박하고,2
2853,임박하며,2
2854,임박하지 않다,-2
2855,임박하지 않게,-2
2856,임박하지 않은,-2
2857,임박하지 않고,-2
2858,임박하지 않으며,-2
2859,임박안한,-2
2860,지근하게,1
2861,지근한,1
2862,지근하다,2
2863,지근하고,2
2864,지근하며,2
2865,지근하지 않다,-2
2866,지근하지 않게,-2
2867,지근하지 않은,-2
2868,지근하지 않고,-2
2869,지근하지 않으며,-2
2870,지근안한,-2
2871,수수하게,1
2872,수수한,1
2873,수수하다,2
2874,수수하고,2
2875,수수하며,2
2876,수수하지 않다,-2
2877,수수하지 않게,-2
2878,수수하지 않은,-2
2879,수수하지 않고,-2
2880,수수하지 않으며,-2
2881,수수안한,-2
2882,혹독하게,1
2883,혹독한,1
2884,혹독하다,2
2885,혹독하고,2
2886,혹독하며,2
2887,혹독하지 않다,-2
2888,혹독하지 않게,-2
2889,혹독하지 않은,-2
2890,혹독하지 않고,-2
2891,혹독하지 않으며,-2
2892,혹독안한,-2
2893,빵빵하게,1
2894,빵빵한,1
2895,빵빵하다,2
2896,빵빵하고,2
2897,빵빵하며,2
2898,빵빵하지 않다,-2
2899,빵빵하지 않게,-2
2900,빵빵하지 않은,-2
2901,빵빵하지 않고,-2
2902,빵빵하지 않으며,-2
2903,빵빵안한,-2
2904,따스하게,1
2905,따스한,1
2906,따스하다,2
2907,따스하고,2
2908,따스하며,2
2909,따스하지 않다,-2
2910,따스하지 않게,-2
2911,따스하지 않은,-2
2912,따스하지 않고,-2
2913,따스하지 않으며,-2
2914,따스안한,-2
2915,엄숙하게,1
2916,엄숙한,1
2917,엄숙하다,2
2918,엄숙하고,2
2919,엄숙하며,2
2920,엄숙하지 않다,-2
2921,엄숙하지 않게,-2
2922,엄숙하지 않은,-2
2923,엄숙하지 않고,-2
2924,엄숙하지 않으며,-2
2925,엄숙안한,-2
2926,무수하게,1
2927,무수한,1
2928,무수하다,2
2929,무수하고,2
2930,무수하며,2
2931,무수하지 않다,-2
2932,무수하지 않게,-2
2933,무수하지 않은,-2
2934,무수하지 않고,-2
2935,무수하지 않으며,-2
2936,무수안한,-2
2937,선선하게,1
2938,선선한,1
2939,선선하다,2
2940,선선하고,2
2941,선선하며,2
2942,선선하지 않다,-2
2943,선선하지 않게,-2
2944,선선하지 않은,-2
2945,선선하지 않고,-2
2946,선선하지 않으며,-2
2947,선선안한,-2
2948,유유하게,1
2949,유유한,1
2950,유유하다,2
2951,유유하고,2
2952,유유하며,2
2953,유유하지 않다,-2
2954,유유하지 않게,-2
2955,유유하지 않은,-2
2956,유유하지 않고,-2
2957,유유하지 않으며,-2
2958,유유안한,-2
2959,음산하게,1
2960,음산한,1
2961,음산하다,2
2962,음산하고,2
2963,음산하며,2
2964,음산하지 않다,-2
2965,음산하지 않게,-2
2966,음산하지 않은,-2
2967,음산하지 않고,-2
2968,음산하지 않으며,-2
2969,음산안한,-2
2970,조잡하게,1
2971,조잡한,1
2972,조잡하다,2
2973,조잡하고,2
2974,조잡하며,2
2975,조잡하지 않다,-2
2976,조잡하지 않게,-2
2977,조잡하지 않은,-2
2978,조잡하지 않고,-2
2979,조잡하지 않으며,-2
2980,조잡안한,-2
2981,출출하게,1
2982,출출한,1
2983,출출하다,2
2984,출출하고,2
2985,출출하며,2
2986,출출하지 않다,-2
2987,출출하지 않게,-2
2988,출출하지 않은,-2
2989,출출하지 않고,-2
2990,출출하지 않으며,-2
2991,출출안한,-2
2992,정갈하게,1
2993,정갈한,1
2994,정갈하다,2
2995,정갈하고,2
2996,정갈하며,2
2997,정갈하지 않다,-2
2998,정갈하지 않게,-2
2999,정갈하지 않은,-2
3000,정갈하지 않고,-2
3001,정갈하지 않으며,-2
3002,정갈안한,-2
3003,어마어마하게,1
3004,어마어마한,1
3005,어마어마하다,2
3006,어마어마하고,2
3007,어마어마하며,2
3008,어마어마하지 않다,-2
3009,어마어마하지 않게,-2
3010,어마어마하지 않은,-2
3011,어마어마하지 않고,-2
3012,어마어마하지 않으며,-2
3013,어마어마안한,-2
3014,통통하게,1
3015,통통한,1
3016,통통하다,2
3017,통통하고,2
3018,통통하며,2
3019,통통하지 않다,-2
3020,통통하지 않게,-2
3021,통통하지 않은,-2
3022,통통하지 않고,-2
3023,통통하지 않으며,-2
3024,통통안한,-2
3025,무뚝뚝하게,1
3026,무뚝뚝한,1
3027,무뚝뚝하다,2
3028,무뚝뚝하고,2
3029,무뚝뚝하며,2
3030,무뚝뚝하지 않다,-2
3031,무뚝뚝하지 않게,-2
3032,무뚝뚝하지 않은,-2
3033,무뚝뚝하지 않고,-2
3034,무뚝뚝하지 않으며,-2
3035,무뚝뚝안한,-2
3036,순진하게,1
3037,순진한,1
3038,순진하다,2
3039,순진하고,2
3040,순진하며,2
3041,순진하지 않다,-2
3042,순진하지 않게,-2
3043,순진하지 않은,-2
3044,순진하지 않고,-2
3045,순진하지 않으며,-2
3046,순진안한,-2
3047,공손하게,1
3048,공손한,1
3049,공손하다,2
3050,공손하고,2
3051,공손하며,2
3052,공손하지 않다,-2
3053,공손하지 않게,-2
3054,공손하지 않은,-2
3055,공손하지 않고,-2
3056,공손하지 않으며,-2
3057,공손안한,-2
3058,합리하게,1
3059,합리한,1
3060,합리하다,2
3061,합리하고,2
3062,합리하며,2
3063,합리하지 않다,-2
3064,합리하지 않게,-2
3065,합리하지 않은,-2
3066,합리하지 않고,-2
3067,합리하지 않으며,-2
3068,합리안한,-2
3069,험난하게,1
3070,험난한,1
3071,험난하다,2
3072,험난하고,2
3073,험난하며,2
3074,험난하지 않다,-2
3075,험난하지 않게,-2
3076,험난하지 않은,-2
3077,험난하지 않고,-2
3078,험난하지 않으며,-2
3079,험난안한,-2
3080,명백하게,1
3081,명백한,1
3082,명백하다,2
3083,명백하고,2
3084,명백하며,2
3085,명백하지 않다,-2
3086,명백하지 않게,-2
3087,명백하지 않은,-2
3088,명백하지 않고,-2
3089,명백하지 않으며,-2
3090,명백안한,-2
3091,완만하게,1
3092,완만한,1
3093,완만하다,2
3094,완만하고,2
3095,완만하며,2
3096,완만하지 않다,-2
3097,완만하지 않게,-2
3098,완만하지 않은,-2
3099,완만하지 않고,-2
3100,완만하지 않으며,-2
3101,완만안한,-2
3102,호화하게,1
3103,호화한,1
3104,호화하다,2
3105,호화하고,2
3106,호화하며,2
3107,호화하지 않다,-2
3108,호화하지 않게,-2
3109,호화하지 않은,-2
3110,호화하지 않고,-2
3111,호화하지 않으며,-2
3112,호화안한,-2
3113,요긴하게,1
3114,요긴한,1
3115,요긴하다,2
3116,요긴하고,2
3117,요긴하며,2
3118,요긴하지 않다,-2
3119,요긴하지 않게,-2
3120,요긴하지 않은,-2
3121,요긴하지 않고,-2
3122,요긴하지 않으며,-2
3123,요긴안한,-2
3124,간절하게,1
3125,간절한,1
3126,간절하다,2
3127,간절하고,2
3128,간절하며,2
3129,간절하지 않다,-2
3130,간절하지 않게,-2
3131,간절하지 않은,-2
3132,간절하지 않고,-2
3133,간절하지 않으며,-2
3134,간절안한,-2
3135,공허하게,1
3136,공허한,1
3137,공허하다,2
3138,공허하고,2
3139,공허하며,2
3140,공허하지 않다,-2
3141,공허하지 않게,-2
3142,공허하지 않은,-2
3143,공허하지 않고,-2
3144,공허하지 않으며,-2
3145,공허안한,-2
3146,정당하게,1
3147,정당한,1
3148,정당하다,2
3149,정당하고,2
3150,정당하며,2
3151,정당하지 않다,-2
3152,정당하지 않게,-2
3153,정당하지 않은,-2
3154,정당하지 않고,-2
3155,정당하지 않으며,-2
3156,정당안한,-2
3157,명쾌하게,1
3158,명쾌한,1
3159,명쾌하다,2
3160,명쾌하고,2
3161,명쾌하며,2
3162,명쾌하지 않다,-2
3163,명쾌하지 않게,-2
3164,명쾌하지 않은,-2
3165,명쾌하지 않고,-2
3166,명쾌하지 않으며,-2
3167,명쾌안한,-2
3168,아름하게,1
3169,아름한,1
3170,아름하다,2
3171,아름하고,2
3172,아름하며,2
3173,아름하지 않다,-2
3174,아름하지 않게,-2
3175,아름하지 않은,-2
3176,아름하지 않고,-2
3177,아름하지 않으며,-2
3178,아름안한,-2
3179,수상하게,1
3180,수상한,1
3181,수상하다,2
3182,수상하고,2
3183,수상하며,2
3184,수상하지 않다,-2
3185,수상하지 않게,-2
3186,수상하지 않은,-2
3187,수상하지 않고,-2
3188,수상하지 않으며,-2
3189,수상안한,-2
3190,뻔뻔하게,1
3191,뻔뻔한,1
3192,뻔뻔하다,2
3193,뻔뻔하고,2
3194,뻔뻔하며,2
3195,뻔뻔하지 않다,-2
3196,뻔뻔하지 않게,-2
3197,뻔뻔하지 않은,-2
3198,뻔뻔하지 않고,-2
3199,뻔뻔하지 않으며,-2
3200,뻔뻔안한,-2
3201,괜하게,1
3202,괜한,1
3203,괜하다,2
3204,괜하고,2
3205,괜하며,2
3206,괜하지 않다,-2
3207,괜하지 않게,-2
3208,괜하지 않은,-2
3209,괜하지 않고,-2
3210,괜하지 않으며,-2
3211,괜안한,-2
3212,부적절하게,1
3213,부적절한,1
3214,부적절하다,2
3215,부적절하고,2
3216,부적절하며,2
3217,부적절하지 않다,-2
3218,부적절하지 않게,-2
3219,부적절하지 않은,-2
3220,부적절하지 않고,-2
3221,부적절하지 않으며,-2
3222,부적절안한,-2
3223,큼지막하게,1
3224,큼지막한,1
3225,큼지막하다,2
3226,큼지막하고,2
3227,큼지막하며,2
3228,큼지막하지 않다,-2
3229,큼지막하지 않게,-2
3230,큼지막하지 않은,-2
3231,큼지막하지 않고,-2
3232,큼지막하지 않으며,-2
3233,큼지막안한,-2
3234,과하게,1
3235,과한,1
3236,과하다,2
3237,과하고,2
3238,과하며,2
3239,과하지 않다,-2
3240,과하지 않게,-2
3241,과하지 않은,-2
3242,과하지 않고,-2
3243,과하지 않으며,-2
3244,과안한,-2
3245,장황하게,1
3246,장황한,1
3247,장황하다,2
3248,장황하고,2
3249,장황하며,2
3250,장황하지 않다,-2
3251,장황하지 않게,-2
3252,장황하지 않은,-2
3253,장황하지 않고,-2
3254,장황하지 않으며,-2
3255,장황안한,-2
3256,길쭉하게,1
3257,길쭉한,1
3258,길쭉하다,2
3259,길쭉하고,2
3260,길쭉하며,2
3261,길쭉하지 않다,-2
3262,길쭉하지 않게,-2
3263,길쭉하지 않은,-2
3264,길쭉하지 않고,-2
3265,길쭉하지 않으며,-2
3266,길쭉안한,-2
3267,산란하게,1
3268,산란한,1
3269,산란하다,2
3270,산란하고,2
3271,산란하며,2
3272,산란하지 않다,-2
3273,산란하지 않게,-2
3274,산란하지 않은,-2
3275,산란하지 않고,-2
3276,산란하지 않으며,-2
3277,산란안한,-2
3278,청초하게,1
3279,청초한,1
3280,청초하다,2
3281,청초하고,2
3282,청초하며,2
3283,청초하지 않다,-2
3284,청초하지 않게,-2
3285,청초하지 않은,-2
3286,청초하지 않고,-2
3287,청초하지 않으며,-2
3288,청초안한,-2
3289,유순하게,1
3290,유순한,1
3291,유순하다,2
3292,유순하고,2
3293,유순하며,2
3294,유순하지 않다,-2
3295,유순하지 않게,-2
3296,유순하지 않은,-2
3297,유순하지 않고,-2
3298,유순하지 않으며,-2
3299,유순안한,-2
3300,화사하게,1
3301,화사한,1
3302,화사하다,2
3303,화사하고,2
3304,화사하며,2
3305,화사하지 않다,-2
3306,화사하지 않게,-2
3307,화사하지 않은,-2
3308,화사하지 않고,-2
3309,화사하지 않으며,-2
3310,화사안한,-2
3311,고귀하게,1
3312,고귀한,1
3313,고귀하다,2
3314,고귀하고,2
3315,고귀하며,2
3316,고귀하지 않다,-2
3317,고귀하지 않게,-2
3318,고귀하지 않은,-2
3319,고귀하지 않고,-2
3320,고귀하지 않으며,-2
3321,고귀안한,-2
3322,무방하게,1
3323,무방한,1
3324,무방하다,2
3325,무방하고,2
3326,무방하며,2
3327,무방하지 않다,-2
3328,무방하지 않게,-2
3329,무방하지 않은,-2
3330,무방하지 않고,-2
3331,무방하지 않으며,-2
3332,무방안한,-2
3333,해박하게,1
3334,해박한,1
3335,해박하다,2
3336,해박하고,2
3337,해박하며,2
3338,해박하지 않다,-2
3339,해박하지 않게,-2
3340,해박하지 않은,-2
3341,해박하지 않고,-2
3342,해박하지 않으며,-2
3343,해박안한,-2
3344,어리둥절하게,1
3345,어리둥절한,1
3346,어리둥절하다,2
3347,어리둥절하고,2
3348,어리둥절하며,2
3349,어리둥절하지 않다,-2
3350,어리둥절하지 않게,-2
3351,어리둥절하지 않은,-2
3352,어리둥절하지 않고,-2
3353,어리둥절하지 않으며,-2
3354,어리둥절안한,-2
3355,불쌍하게,1
3356,불쌍한,1
3357,불쌍하다,2
3358,불쌍하고,2
3359,불쌍하며,2
3360,불쌍하지 않다,-2
3361,불쌍하지 않게,-2
3362,불쌍하지 않은,-2
3363,불쌍하지 않고,-2
3364,불쌍하지 않으며,-2
3365,불쌍안한,-2
3366,일관하게,1
3367,일관한,1
3368,일관하다,2
3369,일관하고,2
3370,일관하며,2
3371,일관하지 않다,-2
3372,일관하지 않게,-2
3373,일관하지 않은,-2
3374,일관하지 않고,-2
3375,일관하지 않으며,-2
3376,일관안한,-2
3377,질퍽하게,1
3378,질퍽한,1
3379,질퍽하다,2
3380,질퍽하고,2
3381,질퍽하며,2
3382,질퍽하지 않다,-2
3383,질퍽하지 않게,-2
3384,질퍽하지 않은,-2
3385,질퍽하지 않고,-2
3386,질퍽하지 않으며,-2
3387,질퍽안한,-2
3388,왕성하게,1
3389,왕성한,1
3390,왕성하다,2
3391,왕성하고,2
3392,왕성하며,2
3393,왕성하지 않다,-2
3394,왕성하지 않게,-2
3395,왕성하지 않은,-2
3396,왕성하지 않고,-2
3397,왕성하지 않으며,-2
3398,왕성안한,-2
3399,강인하게,1
3400,강인한,1
3401,강인하다,2
3402,강인하고,2
3403,강인하며,2
3404,강인하지 않다,-2
3405,강인하지 않게,-2
3406,강인하지 않은,-2
3407,강인하지 않고,-2
3408,강인하지 않으며,-2
3409,강인안한,-2
3410,숭고하게,1
3411,숭고한,1
3412,숭고하다,2
3413,숭고하고,2
3414,숭고하며,2
3415,숭고하지 않다,-2
3416,숭고하지 않게,-2
3417,숭고하지 않은,-2
3418,숭고하지 않고,-2
3419,숭고하지 않으며,-2
3420,숭고안한,-2
3421,으슥하게,1
3422,으슥한,1
3423,으슥하다,2
3424,으슥하고,2
3425,으슥하며,2
3426,으슥하지 않다,-2
3427,으슥하지 않게,-2
3428,으슥하지 않은,-2
3429,으슥하지 않고,-2
3430,으슥하지 않으며,-2
3431,으슥안한,-2
3432,어두컴컴하게,1
3433,어두컴컴한,1
3434,어두컴컴하다,2
3435,어두컴컴하고,2
3436,어두컴컴하며,2
3437,어두컴컴하지 않다,-2
3438,어두컴컴하지 않게,-2
3439,어두컴컴하지 않은,-2
3440,어두컴컴하지 않고,-2
3441,어두컴컴하지 않으며,-2
3442,어두컴컴안한,-2
3443,불과하게,1
3444,불과한,1
3445,불과하다,2
3446,불과하고,2
3447,불과하며,2
3448,불과하지 않다,-2
3449,불과하지 않게,-2
3450,불과하지 않은,-2
3451,불과하지 않고,-2
3452,불과하지 않으며,-2
3453,불과안한,-2
3454,정숙하게,1
3455,정숙한,1
3456,정숙하다,2
3457,정숙하고,2
3458,정숙하며,2
3459,정숙하지 않다,-2
3460,정숙하지 않게,-2
3461,정숙하지 않은,-2
3462,정숙하지 않고,-2
3463,정숙하지 않으며,-2
3464,정숙안한,-2
3465,역력하게,1
3466,역력한,1
3467,역력하다,2
3468,역력하고,2
3469,역력하며,2
3470,역력하지 않다,-2
3471,역력하지 않게,-2
3472,역력하지 않은,-2
3473,역력하지 않고,-2
3474,역력하지 않으며,-2
3475,역력안한,-2
3476,추악하게,1
3477,추악한,1
3478,추악하다,2
3479,추악하고,2
3480,추악하며,2
3481,추악하지 않다,-2
3482,추악하지 않게,-2
3483,추악하지 않은,-2
3484,추악하지 않고,-2
3485,추악하지 않으며,-2
3486,추악안한,-2
3487,침침하게,1
3488,침침한,1
3489,침침하다,2
3490,침침하고,2
3491,침침하며,2
3492,침침하지 않다,-2
3493,침침하지 않게,-2
3494,침침하지 않은,-2
3495,침침하지 않고,-2
3496,침침하지 않으며,-2
3497,침침안한,-2
3498,풍족하게,1
3499,풍족한,1
3500,풍족하다,2
3501,풍족하고,2
3502,풍족하며,2
3503,풍족하지 않다,-2
3504,풍족하지 않게,-2
3505,풍족하지 않은,-2
3506,풍족하지 않고,-2
3507,풍족하지 않으며,-2
3508,풍족안한,-2
3509,시끌시끌하게,1
3510,시끌시끌한,1
3511,시끌시끌하다,2
3512,시끌시끌하고,2
3513,시끌시끌하며,2
3514,시끌시끌하지 않다,-2
3515,시끌시끌하지 않게,-2
3516,시끌시끌하지 않은,-2
3517,시끌시끌하지 않고,-2
3518,시끌시끌하지 않으며,-2
3519,시끌시끌안한,-2
3520,걸리적하게,1
3521,걸리적한,1
3522,걸리적하다,2
3523,걸리적하고,2
3524,걸리적하며,2
3525,걸리적하지 않다,-2
3526,걸리적하지 않게,-2
3527,걸리적하지 않은,-2
3528,걸리적하지 않고,-2
3529,걸리적하지 않으며,-2
3530,걸리적안한,-2
3531,온전하게,1
3532,온전한,1
3533,온전하다,2
3534,온전하고,2
3535,온전하며,2
3536,온전하지 않다,-2
3537,온전하지 않게,-2
3538,온전하지 않은,-2
3539,온전하지 않고,-2
3540,온전하지 않으며,-2
3541,온전안한,-2
3542,원만하게,1
3543,원만한,1
3544,원만하다,2
3545,원만하고,2
3546,원만하며,2
3547,원만하지 않다,-2
3548,원만하지 않게,-2
3549,원만하지 않은,-2
3550,원만하지 않고,-2
3551,원만하지 않으며,-2
3552,원만안한,-2
3553,급격하게,1
3554,급격한,1
3555,급격하다,2
3556,급격하고,2
3557,급격하며,2
3558,급격하지 않다,-2
3559,급격하지 않게,-2
3560,급격하지 않은,-2
3561,급격하지 않고,-2
3562,급격하지 않으며,-2
3563,급격안한,-2
3564,선명하게,1
3565,선명한,1
3566,선명하다,2
3567,선명하고,2
3568,선명하며,2
3569,선명하지 않다,-2
3570,선명하지 않게,-2
3571,선명하지 않은,-2
3572,선명하지 않고,-2
3573,선명하지 않으며,-2
3574,선명안한,-2
3575,끈끈하게,1
3576,끈끈한,1
3577,끈끈하다,2
3578,끈끈하고,2
3579,끈끈하며,2
3580,끈끈하지 않다,-2
3581,끈끈하지 않게,-2
3582,끈끈하지 않은,-2
3583,끈끈하지 않고,-2
3584,끈끈하지 않으며,-2
3585,끈끈안한,-2
3586,막막하게,1
3587,막막한,1
3588,막막하다,2
3589,막막하고,2
3590,막막하며,2
3591,막막하지 않다,-2
3592,막막하지 않게,-2
3593,막막하지 않은,-2
3594,막막하지 않고,-2
3595,막막하지 않으며,-2
3596,막막안한,-2
3597,소심하게,1
3598,소심한,1
3599,소심하다,2
3600,소심하고,2
3601,소심하며,2
3602,소심하지 않다,-2
3603,소심하지 않게,-2
3604,소심하지 않은,-2
3605,소심하지 않고,-2
3606,소심하지 않으며,-2
3607,소심안한,-2
3608,고단하게,1
3609,고단한,1
3610,고단하다,2
3611,고단하고,2
3612,고단하며,2
3613,고단하지 않다,-2
3614,고단하지 않게,-2
3615,고단하지 않은,-2
3616,고단하지 않고,-2
3617,고단하지 않으며,-2
3618,고단안한,-2
3619,자명하게,1
3620,자명한,1
3621,자명하다,2
3622,자명하고,2
3623,자명하며,2
3624,자명하지 않다,-2
3625,자명하지 않게,-2
3626,자명하지 않은,-2
3627,자명하지 않고,-2
3628,자명하지 않으며,-2
3629,자명안한,-2
3630,촉촉하게,1
3631,촉촉한,1
3632,촉촉하다,2
3633,촉촉하고,2
3634,촉촉하며,2
3635,촉촉하지 않다,-2
3636,촉촉하지 않게,-2
3637,촉촉하지 않은,-2
3638,촉촉하지 않고,-2
3639,촉촉하지 않으며,-2
3640,촉촉안한,-2
3641,음울하게,1
3642,음울한,1
3643,음울하다,2
3644,음울하고,2
3645,음울하며,2
3646,음울하지 않다,-2
3647,음울하지 않게,-2
3648,음울하지 않은,-2
3649,음울하지 않고,-2
3650,음울하지 않으며,-2
3651,음울안한,-2
3652,만만하게,1
3653,만만한,1
3654,만만하다,2
3655,만만하고,2
3656,만만하며,2
3657,만만하지 않다,-2
3658,만만하지 않게,-2
3659,만만하지 않은,-2
3660,만만하지 않고,-2
3661,만만하지 않으며,-2
3662,만만안한,-2
3663,만발하게,1
3664,만발한,1
3665,만발하다,2
3666,만발하고,2
3667,만발하며,2
3668,만발하지 않다,-2
3669,만발하지 않게,-2
3670,만발하지 않은,-2
3671,만발하지 않고,-2
3672,만발하지 않으며,-2
3673,만발안한,-2
3674,널널하게,1
3675,널널한,1
3676,널널하다,2
3677,널널하고,2
3678,널널하며,2
3679,널널하지 않다,-2
3680,널널하지 않게,-2
3681,널널하지 않은,-2
3682,널널하지 않고,-2
3683,널널하지 않으며,-2
3684,널널안한,-2
3685,경쾌하게,1
3686,경쾌한,1
3687,경쾌하다,2
3688,경쾌하고,2
3689,경쾌하며,2
3690,경쾌하지 않다,-2
3691,경쾌하지 않게,-2
3692,경쾌하지 않은,-2
3693,경쾌하지 않고,-2
3694,경쾌하지 않으며,-2
3695,경쾌안한,-2
3696,방대하게,1
3697,방대한,1
3698,방대하다,2
3699,방대하고,2
3700,방대하며,2
3701,방대하지 않다,-2
3702,방대하지 않게,-2
3703,방대하지 않은,-2
3704,방대하지 않고,-2
3705,방대하지 않으며,-2
3706,방대안한,-2
3707,위태하게,1
3708,위태한,1
3709,위태하다,2
3710,위태하고,2
3711,위태하며,2
3712,위태하지 않다,-2
3713,위태하지 않게,-2
3714,위태하지 않은,-2
3715,위태하지 않고,-2
3716,위태하지 않으며,-2
3717,위태안한,-2
3718,어지간하게,1
3719,어지간한,1
3720,어지간하다,2
3721,어지간하고,2
3722,어지간하며,2
3723,어지간하지 않다,-2
3724,어지간하지 않게,-2
3725,어지간하지 않은,-2
3726,어지간하지 않고,-2
3727,어지간하지 않으며,-2
3728,어지간안한,-2
3729,한산하게,1
3730,한산한,1
3731,한산하다,2
3732,한산하고,2
3733,한산하며,2
3734,한산하지 않다,-2
3735,한산하지 않게,-2
3736,한산하지 않은,-2
3737,한산하지 않고,-2
3738,한산하지 않으며,-2
3739,한산안한,-2
3740,적확하게,1
3741,적확한,1
3742,적확하다,2
3743,적확하고,2
3744,적확하며,2
3745,적확하지 않다,-2
3746,적확하지 않게,-2
3747,적확하지 않은,-2
3748,적확하지 않고,-2
3749,적확하지 않으며,-2
3750,적확안한,-2
3751,절실하게,1
3752,절실한,1
3753,절실하다,2
3754,절실하고,2
3755,절실하며,2
3756,절실하지 않다,-2
3757,절실하지 않게,-2
3758,절실하지 않은,-2
3759,절실하지 않고,-2
3760,절실하지 않으며,-2
3761,절실안한,-2
3762,무색하게,1
3763,무색한,1
3764,무색하다,2
3765,무색하고,2
3766,무색하며,2
3767,무색하지 않다,-2
3768,무색하지 않게,-2
3769,무색하지 않은,-2
3770,무색하지 않고,-2
3771,무색하지 않으며,-2
3772,무색안한,-2
3773,꾸준하게,1
3774,꾸준한,1
3775,꾸준하다,2
3776,꾸준하고,2
3777,꾸준하며,2
3778,꾸준하지 않다,-2
3779,꾸준하지 않게,-2
3780,꾸준하지 않은,-2
3781,꾸준하지 않고,-2
3782,꾸준하지 않으며,-2
3783,꾸준안한,-2
3784,뚱뚱하게,1
3785,뚱뚱한,1
3786,뚱뚱하다,2
3787,뚱뚱하고,2
3788,뚱뚱하며,2
3789,뚱뚱하지 않다,-2
3790,뚱뚱하지 않게,-2
3791,뚱뚱하지 않은,-2
3792,뚱뚱하지 않고,-2
3793,뚱뚱하지 않으며,-2
3794,뚱뚱안한,-2
3795,매끈하게,1
3796,매끈한,1
3797,매끈하다,2
3798,매끈하고,2
3799,매끈하며,2
3800,매끈하지 않다,-2
3801,매끈하지 않게,-2
3802,매끈하지 않은,-2
3803,매끈하지 않고,-2
3804,매끈하지 않으며,-2
3805,매끈안한,-2
3806,음침하게,1
3807,음침한,1
3808,음침하다,2
3809,음침하고,2
3810,음침하며,2
3811,음침하지 않다,-2
3812,음침하지 않게,-2
3813,음침하지 않은,-2
3814,음침하지 않고,-2
3815,음침하지 않으며,-2
3816,음침안한,-2
3817,은근하게,1
3818,은근한,1
3819,은근하다,2
3820,은근하고,2
3821,은근하며,2
3822,은근하지 않다,-2
3823,은근하지 않게,-2
3824,은근하지 않은,-2
3825,은근하지 않고,-2
3826,은근하지 않으며,-2
3827,은근안한,-2
3828,현저하게,1
3829,현저한,1
3830,현저하다,2
3831,현저하고,2
3832,현저하며,2
3833,현저하지 않다,-2
3834,현저하지 않게,-2
3835,현저하지 않은,-2
3836,현저하지 않고,-2
3837,현저하지 않으며,-2
3838,현저안한,-2
3839,무관하게,1
3840,무관한,1
3841,무관하다,2
3842,무관하고,2
3843,무관하며,2
3844,무관하지 않다,-2
3845,무관하지 않게,-2
3846,무관하지 않은,-2
3847,무관하지 않고,-2
3848,무관하지 않으며,-2
3849,무관안한,-2
3850,시급하게,1
3851,시급한,1
3852,시급하다,2
3853,시급하고,2
3854,시급하며,2
3855,시급하지 않다,-2
3856,시급하지 않게,-2
3857,시급하지 않은,-2
3858,시급하지 않고,-2
3859,시급하지 않으며,-2
3860,시급안한,-2
3861,진진하게,1
3862,진진한,1
3863,진진하다,2
3864,진진하고,2
3865,진진하며,2
3866,진진하지 않다,-2
3867,진진하지 않게,-2
3868,진진하지 않은,-2
3869,진진하지 않고,-2
3870,진진하지 않으며,-2
3871,진진안한,-2
3872,난잡하게,1
3873,난잡한,1
3874,난잡하다,2
3875,난잡하고,2
3876,난잡하며,2
3877,난잡하지 않다,-2
3878,난잡하지 않게,-2
3879,난잡하지 않은,-2
3880,난잡하지 않고,-2
3881,난잡하지 않으며,-2
3882,난잡안한,-2
3883,두근하게,1
3884,두근한,1
3885,두근하다,2
3886,두근하고,2
3887,두근하며,2
3888,두근하지 않다,-2
3889,두근하지 않게,-2
3890,두근하지 않은,-2
3891,두근하지 않고,-2
3892,두근하지 않으며,-2
3893,두근안한,-2
3894,뻐근하게,1
3895,뻐근한,1
3896,뻐근하다,2
3897,뻐근하고,2
3898,뻐근하며,2
3899,뻐근하지 않다,-2
3900,뻐근하지 않게,-2
3901,뻐근하지 않은,-2
3902,뻐근하지 않고,-2
3903,뻐근하지 않으며,-2
3904,뻐근안한,-2
3905,가열하게,1
3906,가열한,1
3907,가열하다,2
3908,가열하고,2
3909,가열하며,2
3910,가열하지 않다,-2
3911,가열하지 않게,-2
3912,가열하지 않은,-2
3913,가열하지 않고,-2
3914,가열하지 않으며,-2
3915,가열안한,-2
3916,냉정하게,1
3917,냉정한,1
3918,냉정하다,2
3919,냉정하고,2
3920,냉정하며,2
3921,냉정하지 않다,-2
3922,냉정하지 않게,-2
3923,냉정하지 않은,-2
3924,냉정하지 않고,-2
3925,냉정하지 않으며,-2
3926,냉정안한,-2
3927,애틋하게,1
3928,애틋한,1
3929,애틋하다,2
3930,애틋하고,2
3931,애틋하며,2
3932,애틋하지 않다,-2
3933,애틋하지 않게,-2
3934,애틋하지 않은,-2
3935,애틋하지 않고,-2
3936,애틋하지 않으며,-2
3937,애틋안한,-2
3938,흐뭇하게,1
3939,흐뭇한,1
3940,흐뭇하다,2
3941,흐뭇하고,2
3942,흐뭇하며,2
3943,흐뭇하지 않다,-2
3944,흐뭇하지 않게,-2
3945,흐뭇하지 않은,-2
3946,흐뭇하지 않고,-2
3947,흐뭇하지 않으며,-2
3948,흐뭇안한,-2
3949,자그마하게,1
3950,자그마한,1
3951,자그마하다,2
3952,자그마하고,2
3953,자그마하며,2
3954,자그마하지 않다,-2
3955,자그마하지 않게,-2
3956,자그마하지 않은,-2
3957,자그마하지 않고,-2
3958,자그마하지 않으며,-2
3959,자그마안한,-2
3960,용하게,1
3961,용한,1
3962,용하다,2
3963,용하고,2
3964,용하며,2
3965,용하지 않다,-2
3966,용하지 않게,-2
3967,용하지 않은,-2
3968,용하지 않고,-2
3969,용하지 않으며,-2
3970,용안한,-2
3971,뻑뻑하게,1
3972,뻑뻑한,1
3973,뻑뻑하다,2
3974,뻑뻑하고,2
3975,뻑뻑하며,2
3976,뻑뻑하지 않다,-2
3977,뻑뻑하지 않게,-2
3978,뻑뻑하지 않은,-2
3979,뻑뻑하지 않고,-2
3980,뻑뻑하지 않으며,-2
3981,뻑뻑안한,-2
3982,나른하게,1
3983,나른한,1
3984,나른하다,2
3985,나른하고,2
3986,나른하며,2
3987,나른하지 않다,-2
3988,나른하지 않게,-2
3989,나른하지 않은,-2
3990,나른하지 않고,-2
3991,나른하지 않으며,-2
3992,나른안한,-2
3993,우울하게,1
3994,우울한,1
3995,우울하다,2
3996,우울하고,2
3997,우울하며,2
3998,우울하지 않다,-2
3999,우울하지 않게,-2
4000,우울하지 않은,-2
4001,우울하지 않고,-2
4002,우울하지 않으며,-2
4003,우울안한,-2
4004,호젓하게,1
4005,호젓한,1
4006,호젓하다,2
4007,호젓하고,2
4008,호젓하며,2
4009,호젓하지 않다,-2
4010,호젓하지 않게,-2
4011,호젓하지 않은,-2
4012,호젓하지 않고,-2
4013,호젓하지 않으며,-2
4014,호젓안한,-2
4015,진기하게,1
4016,진기한,1
4017,진기하다,2
4018,진기하고,2
4019,진기하며,2
4020,진기하지 않다,-2
4021,진기하지 않게,-2
4022,진기하지 않은,-2
4023,진기하지 않고,-2
4024,진기하지 않으며,-2
4025,진기안한,-2
4026,완고하게,1
4027,완고한,1
4028,완고하다,2
4029,완고하고,2
4030,완고하며,2
4031,완고하지 않다,-2
4032,완고하지 않게,-2
4033,완고하지 않은,-2
4034,완고하지 않고,-2
4035,완고하지 않으며,-2
4036,완고안한,-2
4037,자질구레하게,1
4038,자질구레한,1
4039,자질구레하다,2
4040,자질구레하고,2
4041,자질구레하며,2
4042,자질구레하지 않다,-2
4043,자질구레하지 않게,-2
4044,자질구레하지 않은,-2
4045,자질구레하지 않고,-2
4046,자질구레하지 않으며,-2
4047,자질구레안한,-2
4048,알뜰하게,1
4049,알뜰한,1
4050,알뜰하다,2
4051,알뜰하고,2
4052,알뜰하며,2
4053,알뜰하지 않다,-2
4054,알뜰하지 않게,-2
4055,알뜰하지 않은,-2
4056,알뜰하지 않고,-2
4057,알뜰하지 않으며,-2
4058,알뜰안한,-2
4059,서글서글하게,1
4060,서글서글한,1
4061,서글서글하다,2
4062,서글서글하고,2
4063,서글서글하며,2
4064,서글서글하지 않다,-2
4065,서글서글하지 않게,-2
4066,서글서글하지 않은,-2
4067,서글서글하지 않고,-2
4068,서글서글하지 않으며,-2
4069,서글서글안한,-2
4070,무던하게,1
4071,무던한,1
4072,무던하다,2
4073,무던하고,2
4074,무던하며,2
4075,무던하지 않다,-2
4076,무던하지 않게,-2
4077,무던하지 않은,-2
4078,무던하지 않고,-2
4079,무던하지 않으며,-2
4080,무던안한,-2
4081,초췌하게,1
4082,초췌한,1
4083,초췌하다,2
4084,초췌하고,2
4085,초췌하며,2
4086,초췌하지 않다,-2
4087,초췌하지 않게,-2
4088,초췌하지 않은,-2
4089,초췌하지 않고,-2
4090,초췌하지 않으며,-2
4091,초췌안한,-2
4092,낭랑하게,1
4093,낭랑한,1
4094,낭랑하다,2
4095,낭랑하고,2
4096,낭랑하며,2
4097,낭랑하지 않다,-2
4098,낭랑하지 않게,-2
4099,낭랑하지 않은,-2
4100,낭랑하지 않고,-2
4101,낭랑하지 않으며,-2
4102,낭랑안한,-2
4103,푸근하게,1
4104,푸근한,1
4105,푸근하다,2
4106,푸근하고,2
4107,푸근하며,2
4108,푸근하지 않다,-2
4109,푸근하지 않게,-2
4110,푸근하지 않은,-2
4111,푸근하지 않고,-2
4112,푸근하지 않으며,-2
4113,푸근안한,-2
4114,을씨년하게,1
4115,을씨년한,1
4116,을씨년하다,2
4117,을씨년하고,2
4118,을씨년하며,2
4119,을씨년하지 않다,-2
4120,을씨년하지 않게,-2
4121,을씨년하지 않은,-2
4122,을씨년하지 않고,-2
4123,을씨년하지 않으며,-2
4124,을씨년안한,-2
4125,뻘쭘하게,1
4126,뻘쭘한,1
4127,뻘쭘하다,2
4128,뻘쭘하고,2
4129,뻘쭘하며,2
4130,뻘쭘하지 않다,-2
4131,뻘쭘하지 않게,-2
4132,뻘쭘하지 않은,-2
4133,뻘쭘하지 않고,-2
4134,뻘쭘하지 않으며,-2
4135,뻘쭘안한,-2
4136,신령하게,1
4137,신령한,1
4138,신령하다,2
4139,신령하고,2
4140,신령하며,2
4141,신령하지 않다,-2
4142,신령하지 않게,-2
4143,신령하지 않은,-2
4144,신령하지 않고,-2
4145,신령하지 않으며,-2
4146,신령안한,-2
4147,거뜬하게,1
4148,거뜬한,1
4149,거뜬하다,2
4150,거뜬하고,2
4151,거뜬하며,2
4152,거뜬하지 않다,-2
4153,거뜬하지 않게,-2
4154,거뜬하지 않은,-2
4155,거뜬하지 않고,-2
4156,거뜬하지 않으며,-2
4157,거뜬안한,-2
4158,조촐하게,1
4159,조촐한,1
4160,조촐하다,2
4161,조촐하고,2
4162,조촐하며,2
4163,조촐하지 않다,-2
4164,조촐하지 않게,-2
4165,조촐하지 않은,-2
4166,조촐하지 않고,-2
4167,조촐하지 않으며,-2
4168,조촐안한,-2
4169,조속하게,1
4170,조속한,1
4171,조속하다,2
4172,조속하고,2
4173,조속하며,2
4174,조속하지 않다,-2
4175,조속하지 않게,-2
4176,조속하지 않은,-2
4177,조속하지 않고,-2
4178,조속하지 않으며,-2
4179,조속안한,-2
4180,대담하게,1
4181,대담한,1
4182,대담하다,2
4183,대담하고,2
4184,대담하며,2
4185,대담하지 않다,-2
4186,대담하지 않게,-2
4187,대담하지 않은,-2
4188,대담하지 않고,-2
4189,대담하지 않으며,-2
4190,대담안한,-2
4191,엔간하게,1
4192,엔간한,1
4193,엔간하다,2
4194,엔간하고,2
4195,엔간하며,2
4196,엔간하지 않다,-2
4197,엔간하지 않게,-2
4198,엔간하지 않은,-2
4199,엔간하지 않고,-2
4200,엔간하지 않으며,-2
4201,엔간안한,-2
4202,멸하게,1
4203,멸한,1
4204,멸하다,2
4205,멸하고,2
4206,멸하며,2
4207,멸하지 않다,-2
4208,멸하지 않게,-2
4209,멸하지 않은,-2
4210,멸하지 않고,-2
4211,멸하지 않으며,-2
4212,멸안한,-2
4213,진부하게,1
4214,진부한,1
4215,진부하다,2
4216,진부하고,2
4217,진부하며,2
4218,진부하지 않다,-2
4219,진부하지 않게,-2
4220,진부하지 않은,-2
4221,진부하지 않고,-2
4222,진부하지 않으며,-2
4223,진부안한,-2
4224,허전하게,1
4225,허전한,1
4226,허전하다,2
4227,허전하고,2
4228,허전하며,2
4229,허전하지 않다,-2
4230,허전하지 않게,-2
4231,허전하지 않은,-2
4232,허전하지 않고,-2
4233,허전하지 않으며,-2
4234,허전안한,-2
4235,느끼하게,1
4236,느끼한,1
4237,느끼하다,2
4238,느끼하고,2
4239,느끼하며,2
4240,느끼하지 않다,-2
4241,느끼하지 않게,-2
4242,느끼하지 않은,-2
4243,느끼하지 않고,-2
4244,느끼하지 않으며,-2
4245,느끼안한,-2
4246,매콤하게,1
4247,매콤한,1
4248,매콤하다,2
4249,매콤하고,2
4250,매콤하며,2
4251,매콤하지 않다,-2
4252,매콤하지 않게,-2
4253,매콤하지 않은,-2
4254,매콤하지 않고,-2
4255,매콤하지 않으며,-2
4256,매콤안한,-2
4257,거무스름하게,1
4258,거무스름한,1
4259,거무스름하다,2
4260,거무스름하고,2
4261,거무스름하며,2
4262,거무스름하지 않다,-2
4263,거무스름하지 않게,-2
4264,거무스름하지 않은,-2
4265,거무스름하지 않고,-2
4266,거무스름하지 않으며,-2
4267,거무스름안한,-2
4268,서운하게,1
4269,서운한,1
4270,서운하다,2
4271,서운하고,2
4272,서운하며,2
4273,서운하지 않다,-2
4274,서운하지 않게,-2
4275,서운하지 않은,-2
4276,서운하지 않고,-2
4277,서운하지 않으며,-2
4278,서운안한,-2
4279,흐릿하게,1
4280,흐릿한,1
4281,흐릿하다,2
4282,흐릿하고,2
4283,흐릿하며,2
4284,흐릿하지 않다,-2
4285,흐릿하지 않게,-2
4286,흐릿하지 않은,-2
4287,흐릿하지 않고,-2
4288,흐릿하지 않으며,-2
4289,흐릿안한,-2
4290,씩씩하게,1
4291,씩씩한,1
4292,씩씩하다,2
4293,씩씩하고,2
4294,씩씩하며,2
4295,씩씩하지 않다,-2
4296,씩씩하지 않게,-2
4297,씩씩하지 않은,-2
4298,씩씩하지 않고,-2
4299,씩씩하지 않으며,-2
4300,씩씩안한,-2
4301,황당하게,1
4302,황당한,1
4303,황당하다,2
4304,황당하고,2
4305,황당하며,2
4306,황당하지 않다,-2
4307,황당하지 않게,-2
4308,황당하지 않은,-2
4309,황당하지 않고,-2
4310,황당하지 않으며,-2
4311,황당안한,-2
4312,씁쓸하게,1
4313,씁쓸한,1
4314,씁쓸하다,2
4315,씁쓸하고,2
4316,씁쓸하며,2
4317,씁쓸하지 않다,-2
4318,씁쓸하지 않게,-2
4319,씁쓸하지 않은,-2
4320,씁쓸하지 않고,-2
4321,씁쓸하지 않으며,-2
4322,씁쓸안한,-2
4323,막론하게,1
4324,막론한,1
4325,막론하다,2
4326,막론하고,2
4327,막론하며,2
4328,막론하지 않다,-2
4329,막론하지 않게,-2
4330,막론하지 않은,-2
4331,막론하지 않고,-2
4332,막론하지 않으며,-2
4333,막론안한,-2
4334,무모하게,1
4335,무모한,1
4336,무모하다,2
4337,무모하고,2
4338,무모하며,2
4339,무모하지 않다,-2
4340,무모하지 않게,-2
4341,무모하지 않은,-2
4342,무모하지 않고,-2
4343,무모하지 않으며,-2
4344,무모안한,-2
4345,꼼지락하게,1
4346,꼼지락한,1
4347,꼼지락하다,2
4348,꼼지락하고,2
4349,꼼지락하며,2
4350,꼼지락하지 않다,-2
4351,꼼지락하지 않게,-2
4352,꼼지락하지 않은,-2
4353,꼼지락하지 않고,-2
4354,꼼지락하지 않으며,-2
4355,꼼지락안한,-2
4356,가혹하게,1
4357,가혹한,1
4358,가혹하다,2
4359,가혹하고,2
4360,가혹하며,2
4361,가혹하지 않다,-2
4362,가혹하지 않게,-2
4363,가혹하지 않은,-2
4364,가혹하지 않고,-2
4365,가혹하지 않으며,-2
4366,가혹안한,-2
4367,늠름하게,1
4368,늠름한,1
4369,늠름하다,2
4370,늠름하고,2
4371,늠름하며,2
4372,늠름하지 않다,-2
4373,늠름하지 않게,-2
4374,늠름하지 않은,-2
4375,늠름하지 않고,-2
4376,늠름하지 않으며,-2
4377,늠름안한,-2
4378,중대하게,1
4379,중대한,1
4380,중대하다,2
4381,중대하고,2
4382,중대하며,2
4383,중대하지 않다,-2
4384,중대하지 않게,-2
4385,중대하지 않은,-2
4386,중대하지 않고,-2
4387,중대하지 않으며,-2
4388,중대안한,-2
4389,은밀하게,1
4390,은밀한,1
4391,은밀하다,2
4392,은밀하고,2
4393,은밀하며,2
4394,은밀하지 않다,-2
4395,은밀하지 않게,-2
4396,은밀하지 않은,-2
4397,은밀하지 않고,-2
4398,은밀하지 않으며,-2
4399,은밀안한,-2
4400,면밀하게,1
4401,면밀한,1
4402,면밀하다,2
4403,면밀하고,2
4404,면밀하며,2
4405,면밀하지 않다,-2
4406,면밀하지 않게,-2
4407,면밀하지 않은,-2
4408,면밀하지 않고,-2
4409,면밀하지 않으며,-2
4410,면밀안한,-2
4411,무료하게,1
4412,무료한,1
4413,무료하다,2
4414,무료하고,2
4415,무료하며,2
4416,무료하지 않다,-2
4417,무료하지 않게,-2
4418,무료하지 않은,-2
4419,무료하지 않고,-2
4420,무료하지 않으며,-2
4421,무료안한,-2
4422,개운하게,1
4423,개운한,1
4424,개운하다,2
4425,개운하고,2
4426,개운하며,2
4427,개운하지 않다,-2
4428,개운하지 않게,-2
4429,개운하지 않은,-2
4430,개운하지 않고,-2
4431,개운하지 않으며,-2
4432,개운안한,-2
4433,인자하게,1
4434,인자한,1
4435,인자하다,2
4436,인자하고,2
4437,인자하며,2
4438,인자하지 않다,-2
4439,인자하지 않게,-2
4440,인자하지 않은,-2
4441,인자하지 않고,-2
4442,인자하지 않으며,-2
4443,인자안한,-2
4444,긴가민가하게,1
4445,긴가민가한,1
4446,긴가민가하다,2
4447,긴가민가하고,2
4448,긴가민가하며,2
4449,긴가민가하지 않다,-2
4450,긴가민가하지 않게,-2
4451,긴가민가하지 않은,-2
4452,긴가민가하지 않고,-2
4453,긴가민가하지 않으며,-2
4454,긴가민가안한,-2
4455,유수하게,1
4456,유수한,1
4457,유수하다,2
4458,유수하고,2
4459,유수하며,2
4460,유수하지 않다,-2
4461,유수하지 않게,-2
4462,유수하지 않은,-2
4463,유수하지 않고,-2
4464,유수하지 않으며,-2
4465,유수안한,-2
4466,과감하게,1
4467,과감한,1
4468,과감하다,2
4469,과감하고,2
4470,과감하며,2
4471,과감하지 않다,-2
4472,과감하지 않게,-2
4473,과감하지 않은,-2
4474,과감하지 않고,-2
4475,과감하지 않으며,-2
4476,과감안한,-2
4477,흥건하게,1
4478,흥건한,1
4479,흥건하다,2
4480,흥건하고,2
4481,흥건하며,2
4482,흥건하지 않다,-2
4483,흥건하지 않게,-2
4484,흥건하지 않은,-2
4485,흥건하지 않고,-2
4486,흥건하지 않으며,-2
4487,흥건안한,-2
4488,미미하게,1
4489,미미한,1
4490,미미하다,2
4491,미미하고,2
4492,미미하며,2
4493,미미하지 않다,-2
4494,미미하지 않게,-2
4495,미미하지 않은,-2
4496,미미하지 않고,-2
4497,미미하지 않으며,-2
4498,미미안한,-2
4499,과분하게,1
4500,과분한,1
4501,과분하다,2
4502,과분하고,2
4503,과분하며,2
4504,과분하지 않다,-2
4505,과분하지 않게,-2
4506,과분하지 않은,-2
4507,과분하지 않고,-2
4508,과분하지 않으며,-2
4509,과분안한,-2
4510,갑갑하게,1
4511,갑갑한,1
4512,갑갑하다,2
4513,갑갑하고,2
4514,갑갑하며,2
4515,갑갑하지 않다,-2
4516,갑갑하지 않게,-2
4517,갑갑하지 않은,-2
4518,갑갑하지 않고,-2
4519,갑갑하지 않으며,-2
4520,갑갑안한,-2
4521,유리하게,1
4522,유리한,1
4523,유리하다,2
4524,유리하고,2
4525,유리하며,2
4526,유리하지 않다,-2
4527,유리하지 않게,-2
4528,유리하지 않은,-2
4529,유리하지 않고,-2
4530,유리하지 않으며,-2
4531,유리안한,-2
4532,일정하게,1
4533,일정한,1
4534,일정하다,2
4535,일정하고,2
4536,일정하며,2
4537,일정하지 않다,-2
4538,일정하지 않게,-2
4539,일정하지 않은,-2
4540,일정하지 않고,-2
4541,일정하지 않으며,-2
4542,일정안한,-2
4543,절박하게,1
4544,절박한,1
4545,절박하다,2
4546,절박하고,2
4547,절박하며,2
4548,절박하지 않다,-2
4549,절박하지 않게,-2
4550,절박하지 않은,-2
4551,절박하지 않고,-2
4552,절박하지 않으며,-2
4553,절박안한,-2
4554,쏠쏠하게,1
4555,쏠쏠한,1
4556,쏠쏠하다,2
4557,쏠쏠하고,2
4558,쏠쏠하며,2
4559,쏠쏠하지 않다,-2
4560,쏠쏠하지 않게,-2
4561,쏠쏠하지 않은,-2
4562,쏠쏠하지 않고,-2
4563,쏠쏠하지 않으며,-2
4564,쏠쏠안한,-2
4565,딱하게,1
4566,딱한,1
4567,딱하다,2
4568,딱하고,2
4569,딱하며,2
4570,딱하지 않다,-2
4571,딱하지 않게,-2
4572,딱하지 않은,-2
4573,딱하지 않고,-2
4574,딱하지 않으며,-2
4575,딱안한,-2
4576,가물하게,1
4577,가물한,1
4578,가물하다,2
4579,가물하고,2
4580,가물하며,2
4581,가물하지 않다,-2
4582,가물하지 않게,-2
4583,가물하지 않은,-2
4584,가물하지 않고,-2
4585,가물하지 않으며,-2
4586,가물안한,-2
4587,구구하게,1
4588,구구한,1
4589,구구하다,2
4590,구구하고,2
4591,구구하며,2
4592,구구하지 않다,-2
4593,구구하지 않게,-2
4594,구구하지 않은,-2
4595,구구하지 않고,-2
4596,구구하지 않으며,-2
4597,구구안한,-2
4598,사근사근하게,1
4599,사근사근한,1
4600,사근사근하다,2
4601,사근사근하고,2
4602,사근사근하며,2
4603,사근사근하지 않다,-2
4604,사근사근하지 않게,-2
4605,사근사근하지 않은,-2
4606,사근사근하지 않고,-2
4607,사근사근하지 않으며,-2
4608,사근사근안한,-2
4609,취약하게,1
4610,취약한,1
4611,취약하다,2
4612,취약하고,2
4613,취약하며,2
4614,취약하지 않다,-2
4615,취약하지 않게,-2
4616,취약하지 않은,-2
4617,취약하지 않고,-2
4618,취약하지 않으며,-2
4619,취약안한,-2
4620,도톰하게,1
4621,도톰한,1
4622,도톰하다,2
4623,도톰하고,2
4624,도톰하며,2
4625,도톰하지 않다,-2
4626,도톰하지 않게,-2
4627,도톰하지 않은,-2
4628,도톰하지 않고,-2
4629,도톰하지 않으며,-2
4630,도톰안한,-2
4631,순전하게,1
4632,순전한,1
4633,순전하다,2
4634,순전하고,2
4635,순전하며,2
4636,순전하지 않다,-2
4637,순전하지 않게,-2
4638,순전하지 않은,-2
4639,순전하지 않고,-2
4640,순전하지 않으며,-2
4641,순전안한,-2
4642,지긋하게,1
4643,지긋한,1
4644,지긋하다,2
4645,지긋하고,2
4646,지긋하며,2
4647,지긋하지 않다,-2
4648,지긋하지 않게,-2
4649,지긋하지 않은,-2
4650,지긋하지 않고,-2
4651,지긋하지 않으며,-2
4652,지긋안한,-2
4653,발랄하게,1
4654,발랄한,1
4655,발랄하다,2
4656,발랄하고,2
4657,발랄하며,2
4658,발랄하지 않다,-2
4659,발랄하지 않게,-2
4660,발랄하지 않은,-2
4661,발랄하지 않고,-2
4662,발랄하지 않으며,-2
4663,발랄안한,-2
4664,중후하게,1
4665,중후한,1
4666,중후하다,2
4667,중후하고,2
4668,중후하며,2
4669,중후하지 않다,-2
4670,중후하지 않게,-2
4671,중후하지 않은,-2
4672,중후하지 않고,-2
4673,중후하지 않으며,-2
4674,중후안한,-2
4675,오붓하게,1
4676,오붓한,1
4677,오붓하다,2
4678,오붓하고,2
4679,오붓하며,2
4680,오붓하지 않다,-2
4681,오붓하지 않게,-2
4682,오붓하지 않은,-2
4683,오붓하지 않고,-2
4684,오붓하지 않으며,-2
4685,오붓안한,-2
4686,적적하게,1
4687,적적한,1
4688,적적하다,2
4689,적적하고,2
4690,적적하며,2
4691,적적하지 않다,-2
4692,적적하지 않게,-2
4693,적적하지 않은,-2
4694,적적하지 않고,-2
4695,적적하지 않으며,-2
4696,적적안한,-2
4697,기특하게,1
4698,기특한,1
4699,기특하다,2
4700,기특하고,2
4701,기특하며,2
4702,기특하지 않다,-2
4703,기특하지 않게,-2
4704,기특하지 않은,-2
4705,기특하지 않고,-2
4706,기특하지 않으며,-2
4707,기특안한,-2
4708,섹시하게,1
4709,섹시한,1
4710,섹시하다,2
4711,섹시하고,2
4712,섹시하며,2
4713,섹시하지 않다,-2
4714,섹시하지 않게,-2
4715,섹시하지 않은,-2
4716,섹시하지 않고,-2
4717,섹시하지 않으며,-2
4718,섹시안한,-2
4719,너저분하게,1
4720,너저분한,1
4721,너저분하다,2
4722,너저분하고,2
4723,너저분하며,2
4724,너저분하지 않다,-2
4725,너저분하지 않게,-2
4726,너저분하지 않은,-2
4727,너저분하지 않고,-2
4728,너저분하지 않으며,-2
4729,너저분안한,-2
4730,난감하게,1
4731,난감한,1
4732,난감하다,2
4733,난감하고,2
4734,난감하며,2
4735,난감하지 않다,-2
4736,난감하지 않게,-2
4737,난감하지 않은,-2
4738,난감하지 않고,-2
4739,난감하지 않으며,-2
4740,난감안한,-2
4741,연연하게,1
4742,연연한,1
4743,연연하다,2
4744,연연하고,2
4745,연연하며,2
4746,연연하지 않다,-2
4747,연연하지 않게,-2
4748,연연하지 않은,-2
4749,연연하지 않고,-2
4750,연연하지 않으며,-2
4751,연연안한,-2
4752,건장하게,1
4753,건장한,1
4754,건장하다,2
4755,건장하고,2
4756,건장하며,2
4757,건장하지 않다,-2
4758,건장하지 않게,-2
4759,건장하지 않은,-2
4760,건장하지 않고,-2
4761,건장하지 않으며,-2
4762,건장안한,-2
4763,헐렁하게,1
4764,헐렁한,1
4765,헐렁하다,2
4766,헐렁하고,2
4767,헐렁하며,2
4768,헐렁하지 않다,-2
4769,헐렁하지 않게,-2
4770,헐렁하지 않은,-2
4771,헐렁하지 않고,-2
4772,헐렁하지 않으며,-2
4773,헐렁안한,-2
4774,짜릿하게,1
4775,짜릿한,1
4776,짜릿하다,2
4777,짜릿하고,2
4778,짜릿하며,2
4779,짜릿하지 않다,-2
4780,짜릿하지 않게,-2
4781,짜릿하지 않은,-2
4782,짜릿하지 않고,-2
4783,짜릿하지 않으며,-2
4784,짜릿안한,-2
4785,찬란하게,1
4786,찬란한,1
4787,찬란하다,2
4788,찬란하고,2
4789,찬란하며,2
4790,찬란하지 않다,-2
4791,찬란하지 않게,-2
4792,찬란하지 않은,-2
4793,찬란하지 않고,-2
4794,찬란하지 않으며,-2
4795,찬란안한,-2
4796,단조하게,1
4797,단조한,1
4798,단조하다,2
4799,단조하고,2
4800,단조하며,2
4801,단조하지 않다,-2
4802,단조하지 않게,-2
4803,단조하지 않은,-2
4804,단조하지 않고,-2
4805,단조하지 않으며,-2
4806,단조안한,-2
4807,기괴하게,1
4808,기괴한,1
4809,기괴하다,2
4810,기괴하고,2
4811,기괴하며,2
4812,기괴하지 않다,-2
4813,기괴하지 않게,-2
4814,기괴하지 않은,-2
4815,기괴하지 않고,-2
4816,기괴하지 않으며,-2
4817,기괴안한,-2
4818,누추하게,1
4819,누추한,1
4820,누추하다,2
4821,누추하고,2
4822,누추하며,2
4823,누추하지 않다,-2
4824,누추하지 않게,-2
4825,누추하지 않은,-2
4826,누추하지 않고,-2
4827,누추하지 않으며,-2
4828,누추안한,-2
4829,서늘하게,1
4830,서늘한,1
4831,서늘하다,2
4832,서늘하고,2
4833,서늘하며,2
4834,서늘하지 않다,-2
4835,서늘하지 않게,-2
4836,서늘하지 않은,-2
4837,서늘하지 않고,-2
4838,서늘하지 않으며,-2
4839,서늘안한,-2
4840,쓸쓸하게,1
4841,쓸쓸한,1
4842,쓸쓸하다,2
4843,쓸쓸하고,2
4844,쓸쓸하며,2
4845,쓸쓸하지 않다,-2
4846,쓸쓸하지 않게,-2
4847,쓸쓸하지 않은,-2
4848,쓸쓸하지 않고,-2
4849,쓸쓸하지 않으며,-2
4850,쓸쓸안한,-2
4851,울창하게,1
4852,울창한,1
4853,울창하다,2
4854,울창하고,2
4855,울창하며,2
4856,울창하지 않다,-2
4857,울창하지 않게,-2
4858,울창하지 않은,-2
4859,울창하지 않고,-2
4860,울창하지 않으며,-2
4861,울창안한,-2
4862,미약하게,1
4863,미약한,1
4864,미약하다,2
4865,미약하고,2
4866,미약하며,2
4867,미약하지 않다,-2
4868,미약하지 않게,-2
4869,미약하지 않은,-2
4870,미약하지 않고,-2
4871,미약하지 않으며,-2
4872,미약안한,-2
4873,미안하게,1
4874,미안한,1
4875,미안하다,2
4876,미안하고,2
4877,미안하며,2
4878,미안하지 않다,-2
4879,미안하지 않게,-2
4880,미안하지 않은,-2
4881,미안하지 않고,-2
4882,미안하지 않으며,-2
4883,미안안한,-2
4884,지극하게,1
4885,지극한,1
4886,지극하다,2
4887,지극하고,2
4888,지극하며,2
4889,지극하지 않다,-2
4890,지극하지 않게,-2
4891,지극하지 않은,-2
4892,지극하지 않고,-2
4893,지극하지 않으며,-2
4894,지극안한,-2
4895,멍하게,1
4896,멍한,1
4897,멍하다,2
4898,멍하고,2
4899,멍하며,2
4900,멍하지 않다,-2
4901,멍하지 않게,-2
4902,멍하지 않은,-2
4903,멍하지 않고,-2
4904,멍하지 않으며,-2
4905,멍안한,-2
4906,연소하게,1
4907,연소한,1
4908,연소하다,2
4909,연소하고,2
4910,연소하며,2
4911,연소하지 않다,-2
4912,연소하지 않게,-2
4913,연소하지 않은,-2
4914,연소하지 않고,-2
4915,연소하지 않으며,-2
4916,연소안한,-2
4917,전무하게,1
4918,전무한,1
4919,전무하다,2
4920,전무하고,2
4921,전무하며,2
4922,전무하지 않다,-2
4923,전무하지 않게,-2
4924,전무하지 않은,-2
4925,전무하지 않고,-2
4926,전무하지 않으며,-2
4927,전무안한,-2
4928,미세하게,1
4929,미세한,1
4930,미세하다,2
4931,미세하고,2
4932,미세하며,2
4933,미세하지 않다,-2
4934,미세하지 않게,-2
4935,미세하지 않은,-2
4936,미세하지 않고,-2
4937,미세하지 않으며,-2
4938,미세안한,-2
4939,방불하게,1
4940,방불한,1
4941,방불하다,2
4942,방불하고,2
4943,방불하며,2
4944,방불하지 않다,-2
4945,방불하지 않게,-2
4946,방불하지 않은,-2
4947,방불하지 않고,-2
4948,방불하지 않으며,-2
4949,방불안한,-2
4950,선량하게,1
4951,선량한,1
4952,선량하다,2
4953,선량하고,2
4954,선량하며,2
4955,선량하지 않다,-2
4956,선량하지 않게,-2
4957,선량하지 않은,-2
4958,선량하지 않고,-2
4959,선량하지 않으며,-2
4960,선량안한,-2
4961,순탄하게,1
4962,순탄한,1
4963,순탄하다,2
4964,순탄하고,2
4965,순탄하며,2
4966,순탄하지 않다,-2
4967,순탄하지 않게,-2
4968,순탄하지 않은,-2
4969,순탄하지 않고,-2
4970,순탄하지 않으며,-2
4971,순탄안한,-2
4972,견실하게,1
4973,견실한,1
4974,견실하다,2
4975,견실하고,2
4976,견실하며,2
4977,견실하지 않다,-2
4978,견실하지 않게,-2
4979,견실하지 않은,-2
4980,견실하지 않고,-2
4981,견실하지 않으며,-2
4982,견실안한,-2
4983,쾌청하게,1
4984,쾌청한,1
4985,쾌청하다,2
4986,쾌청하고,2
4987,쾌청하며,2
4988,쾌청하지 않다,-2
4989,쾌청하지 않게,-2
4990,쾌청하지 않은,-2
4991,쾌청하지 않고,-2
4992,쾌청하지 않으며,-2
4993,쾌청안한,-2
4994,막대하게,1
4995,막대한,1
4996,막대하다,2
4997,막대하고,2
4998,막대하며,2
4999,막대하지 않다,-2
5000,막대하지 않게,-2
5001,막대하지 않은,-2
5002,막대하지 않고,-2
5003,막대하지 않으며,-2
5004,막대안한,-2
5005,성대하게,1
5006,성대한,1
5007,성대하다,2
5008,성대하고,2
5009,성대하며,2
5010,성대하지 않다,-2
5011,성대하지 않게,-2
5012,성대하지 않은,-2
5013,성대하지 않고,-2
5014,성대하지 않으며,-2
5015,성대안한,-2
