info,date,address,shiku,town
819号室で女性死亡,平成30年5月23日,新宿区歌舞伎町一丁目202,新宿区,歌舞伎町一丁目202
飛び降り自殺,令和3年5月18日,新宿区歌舞伎町一丁目202アパホテル新宿歌舞伎町タワー,新宿区,歌舞伎町一丁目202アパホテル新宿歌舞伎町タワー
告知事項あり※管理会社に直接確認済みハイム大成ビル 403号室賃料¥78000 管理費¥2000前入居者が室内で自殺,1年以内,新宿区西新宿七丁目1813,新宿区,西新宿七丁目1813
１４Ｆから女性が飛び降り自殺,令和元年9月23日,新宿区西新宿七丁目1713パレステュディオ新宿WEST,新宿区,西新宿七丁目1713パレステュディオ新宿WEST
事故死,2016,新宿区西新宿七丁目2231,新宿区,西新宿七丁目2231
病死,令和3年,新宿区西新宿一丁目38,新宿区,西新宿一丁目38
死体発見,平成24年11月5日,新宿区新宿三丁目227指田ビル地下1階,新宿区,新宿三丁目227指田ビル地下1階
20階で飛び降り自殺,不明,新宿区西新宿七丁目59,新宿区,西新宿七丁目59
2F 男性死亡 心霊現象あり,平成30年頃,新宿区歌舞伎町二丁目4514,新宿区,歌舞伎町二丁目4514
客室浴槽内 死体発見,平成24年12月24日,新宿区歌舞伎町二丁目4514 ホテルボン,新宿区,歌舞伎町二丁目4514 ホテルボン
飛び降り自殺,令和4年,新宿区西新宿一丁目39,新宿区,西新宿一丁目39
飛び降り自殺,2018年,新宿区西新宿七丁目59ファーストリアルタワー31階,新宿区,西新宿七丁目59ファーストリアルタワー31階
飛び降り自殺,平成27年2月20日,新宿区西新宿七丁目310山京ビル,新宿区,西新宿七丁目310山京ビル
転落させて殺害,令和3年12月29日,新宿区歌舞伎町一丁目202アパホテル新宿歌舞伎町タワー23階非常階段,新宿区,歌舞伎町一丁目202アパホテル新宿歌舞伎町タワー23階非常階段
1Fにて女性自殺,平成19年頃,新宿区西新宿七丁目1610,新宿区,西新宿七丁目1610
屋上より 飛び降り自殺,平成21年8月20日,新宿区歌舞伎町一丁目145 ハクタカビル,新宿区,歌舞伎町一丁目145 ハクタカビル
首吊り自殺,令和2年2月29日,新宿区西新宿七丁目59 ファーストリアルタワー808,新宿区,西新宿七丁目59 ファーストリアルタワー808
死体発見,平成22年3月16日,新宿区歌舞伎町二丁目441健康プラザハイジアB2F駐車場,新宿区,歌舞伎町二丁目441健康プラザハイジアB2F駐車場
2階サウナロイヤル 死体発見,平成20年1月5日,新宿区歌舞伎町一丁目275 中台ビル,新宿区,歌舞伎町一丁目275 中台ビル
1F 首吊り,2010年頃,新宿区歌舞伎町二丁目396,新宿区,歌舞伎町二丁目396
飛び降り自殺,令和3年5月11日,新宿区歌舞伎町一丁目202アパホテル新宿歌舞伎町タワー,新宿区,歌舞伎町一丁目202アパホテル新宿歌舞伎町タワー
2019年10月下旬、40代後半男性が部屋の中で孤高死。2019年12月下旬に発見される。死亡から2ヶ月経っていたため、遺体の腐乱が進んでいた模様。遺体回収時には内廊下のため、建物内1階全体が腐乱臭で充満。2020年2月初旬現在、清掃終了、その後内装解体中。,2019年10月下旬,新宿区西新宿七丁目1514FONTAINE三須102号室,新宿区,西新宿七丁目1514FONTAINE三須102号室
首吊り自殺,平成27年9月26日,新宿区西新宿七丁目59プロスペクト・アクス・ザ・タワー新宿2008,新宿区,西新宿七丁目59プロスペクト・アクス・ザ・タワー新宿2008
病死,2021年,新宿区西新宿一丁目38,新宿区,西新宿一丁目38
20階心理的瑕疵あり,不明,新宿区西新宿七丁目525,新宿区,西新宿七丁目525
本館2階女子トイレ 死体発見,平成24年7月8日,新宿区西新宿一丁目13 小田急百貨店新宿店,新宿区,西新宿一丁目13 小田急百貨店新宿店
転落死,平成20年5月16日,新宿区西新宿一丁目73東京モード学園コクーンタワー4階地下2階,新宿区,西新宿一丁目73東京モード学園コクーンタワー4階地下2階
1F出入り口付近身元不明の男性遺体発見,平成18年2月1日,新宿区西新宿一丁目188,新宿区,西新宿一丁目188
飛び降り自殺,19年頃,新宿区西新宿一丁目73,新宿区,西新宿一丁目73
男性 飛び降り自殺,平成30年2月21日,新宿区新宿三丁目275,新宿区,新宿三丁目275
2階女子トイレ 死体発見,平成21年1月21日,新宿区西新宿一丁目14 京王デパート,新宿区,西新宿一丁目14 京王デパート
8階 死体発見,平成28年11月30日,新宿区西新宿一丁目14 京王百貨店,新宿区,西新宿一丁目14 京王百貨店
トイレで心肺停止女性発見、その後死亡,平成24年2月11日,新宿区西新宿一丁目13,新宿区,西新宿一丁目13
死体発見,平成22年4月21日,新宿区西新宿一丁目512 ニューセントラルビル,新宿区,西新宿一丁目512 ニューセントラルビル
甲新ビル9階 23時頃店舗利用客が窓から飛び降り即死,平成30年8月1日,新宿区西新宿一丁目185甲新ビル中沖ビル,新宿区,西新宿一丁目185甲新ビル中沖ビル
首吊り自殺,令和2年1月7日,新宿区西新宿一丁目1,新宿区,西新宿一丁目1
男性が東側男子便所個室にて首吊り自殺,不明,新宿区西新宿一丁目14 京王百貨店 ４階,新宿区,西新宿一丁目14 京王百貨店 ４階
9回のわかものハローワークに来た仕事探しの男性が何件の仕事を探したが断わりつづられてそのビルの屋上に出て飛び降り自殺をした。それがもとで今はそのビルは屋上に出れなくなっている。,不明,新宿区西新宿一丁目71,新宿区,西新宿一丁目71
死因不明の変死。,2011年12月,新宿区歌舞伎町二丁目210,新宿区,歌舞伎町二丁目210
5階から飛び降り自殺,2020年,新宿区歌舞伎町二丁目43,新宿区,歌舞伎町二丁目43
店員が急性アルコール中毒にて店内で死亡しているのを別の店員が発見,令和4年6月5日,新宿区歌舞伎町一丁目15,新宿区,歌舞伎町一丁目15
強盗殺人,2010年頃,新宿区新宿三丁目214,新宿区,新宿三丁目214
飛び降り自殺,201412,新宿区歌舞伎町二丁目二丁目221,新宿区,歌舞伎町二丁目二丁目221
コインロッカー内に乳児の腐乱死体。,平成30年6月12日,新宿区歌舞伎町二丁目356,新宿区,歌舞伎町二丁目356
女性の転落死。屋上から飛び降りたとみられる。,2015年8月頃,新宿区歌舞伎町一丁目28,新宿区,歌舞伎町一丁目28
首吊り自殺,平成17年,新宿区歌舞伎町二丁目1414コスモ佐藤4F,新宿区,歌舞伎町二丁目1414コスモ佐藤4F
902号室で自殺あり。,2020年7月初旬,新宿区歌舞伎町二丁目82,新宿区,歌舞伎町二丁目82
若い女性が屋上から飛び降り自殺,平成30年5月13日,新宿区歌舞伎町二丁目331,新宿区,歌舞伎町二丁目331
伊勢丹テナント関係者の首吊り自殺,2008年頃,新宿区新宿五丁目1610,新宿区,新宿五丁目1610
309号室、709号室、808号室告知事項あり,令和4年8月20日,新宿区歌舞伎町二丁目185 プラーズタワー東新宿,新宿区,歌舞伎町二丁目185 プラーズタワー東新宿
1409号室告知事項あり,令和4年9月17日,新宿区歌舞伎町二丁目185 プラーズタワー東新宿,新宿区,歌舞伎町二丁目185 プラーズタワー東新宿
ビルの4階で死体〆76,平成23年6月29日,新宿区歌舞伎町二丁目2711,新宿区,歌舞伎町二丁目2711
若い女性屋上から飛び降り,10年ほど前,新宿区歌舞伎町二丁目331第6トーアビル,新宿区,歌舞伎町二丁目331第6トーアビル
心理的瑕疵物件あり,不明,新宿区歌舞伎町二丁目185プラーズタワー東新宿405,新宿区,歌舞伎町二丁目185プラーズタワー東新宿405
傷害致死,平成26年5月21日,新宿区新宿六丁目2811ライオンズマンション新宿303,新宿区,新宿六丁目2811ライオンズマンション新宿303
ホテル白川郷9階外階段付近から、飛び降り自殺身元不明男性,平成18年8月18日,新宿区歌舞伎町二丁目2911,新宿区,歌舞伎町二丁目2911
809号室、1209号室告知事項あり,令和4年5月26日,新宿区歌舞伎町二丁目185 プラーズタワー東新宿,新宿区,歌舞伎町二丁目185 プラーズタワー東新宿
転落死,平成26年8月2日,新宿区歌舞伎町二丁目105 G2ビル6階非常階段,新宿区,歌舞伎町二丁目105 G2ビル6階非常階段
309号室 首吊り自殺,平成20年12月4日,新宿区新宿五丁目1820 ビジネスホテルミラベル,新宿区,新宿五丁目1820 ビジネスホテルミラベル
114号室宅地建物取引業47条1項に基づく告知事項有り,令和4年5月21日,新宿区歌舞伎町二丁目220 ライオンズマンション歌舞伎町A棟,新宿区,歌舞伎町二丁目220 ライオンズマンション歌舞伎町A棟
早朝に屋上から若い女性の飛び降り自殺。,平成21年6月29日,新宿区歌舞伎町一丁目126 歌舞伎町ビル,新宿区,歌舞伎町一丁目126 歌舞伎町ビル
螺旋階段から転落死,平成22年,新宿区歌舞伎町二丁目107ダイヤモンドビル,新宿区,歌舞伎町二丁目107ダイヤモンドビル
転落死,平成26年12月12日,新宿区歌舞伎町一丁目62TWingビル9階,新宿区,歌舞伎町一丁目62TWingビル9階
301号室心理的瑕疵有り。HOMESより,令和4年4月28日,新宿区新宿六丁目2722 KT三光ビル,新宿区,新宿六丁目2722 KT三光ビル
死体発見,平成25年6月24日,新宿区歌舞伎町二丁目910ギンレイビルパート2 3階外廊下,新宿区,歌舞伎町二丁目910ギンレイビルパート2 3階外廊下
刺殺,平成20年4月8日,新宿区歌舞伎町一丁目115扇園ビル1階,新宿区,歌舞伎町一丁目115扇園ビル1階
撲殺,平成24年5月17日,新宿区歌舞伎町二丁目221,新宿区,歌舞伎町二丁目221
707号室、910号室告知事項あり,令和4年6月23日,新宿区歌舞伎町二丁目185 プラーズタワー東新宿,新宿区,歌舞伎町二丁目185 プラーズタワー東新宿
遺体発見,平成30年12月25日,新宿区歌舞伎町二丁目305,新宿区,歌舞伎町二丁目305
飛び降り,平成25年9月4日,新宿区歌舞伎町二丁目305,新宿区,歌舞伎町二丁目305
刺殺,平成19年4月5日,新宿区歌舞伎町二丁目323新宿セントラルビル3F,新宿区,歌舞伎町二丁目323新宿セントラルビル3F
B1・キャバ嬢自殺,2006〜2012の間,新宿区歌舞伎町二丁目106,新宿区,歌舞伎町二丁目106
5階から飛び降り,2015年ころ,新宿区新宿五丁目1811,新宿区,新宿五丁目1811
ホテルDWAVE308号室にて男性が不審死,令和2年1月30日,新宿区歌舞伎町二丁目86,新宿区,歌舞伎町二丁目86
死体発見,平成22年6月24日,新宿区歌舞伎町二丁目221ホテルシェーナ504,新宿区,歌舞伎町二丁目221ホテルシェーナ504
ルックハイツ新宿607自殺・変死,不明,新宿区新宿五丁目1820,新宿区,新宿五丁目1820
死体発見,平成24年4月3日,新宿区歌舞伎町二丁目3311ホテル大松,新宿区,歌舞伎町二丁目3311ホテル大松
傷害致死,令和元年9月21日,新宿区歌舞伎町二丁目148 メトロプラザ4F,新宿区,歌舞伎町二丁目148 メトロプラザ4F
女性が飛び降り自殺 たこ焼き屋 たこ心の前に落下落下時男性を巻き込みましたこのたこ焼き食べたくないな,平成30年10月2日,新宿区歌舞伎町二丁目22,新宿区,歌舞伎町二丁目22
ホテルパシャ702号室にて20～30代の男性が死亡しているのを発見。官報より,令和3年7月13日,新宿区歌舞伎町二丁目1012,新宿区,歌舞伎町二丁目1012
2012飛降り,平成24年10月1日,新宿区歌舞伎町二丁目26,新宿区,歌舞伎町二丁目26
絞殺,平成19年5月31日,新宿区新宿六丁目2719金光コーポ新宿805,新宿区,新宿六丁目2719金光コーポ新宿805
刺殺,令和5年5月29日,新宿区歌舞伎町二丁目221ライオンズマンション歌舞伎町,新宿区,歌舞伎町二丁目221ライオンズマンション歌舞伎町
飛び降り自殺,令和4年12月12日,新宿区新宿五丁目1810,新宿区,新宿五丁目1810
喧嘩になり撲殺,不明,新宿区歌舞伎町二丁目186日光ビル,新宿区,歌舞伎町二丁目186日光ビル
薬物により落下事故。2012未明,平成25年6月1日,新宿区歌舞伎町二丁目68,新宿区,歌舞伎町二丁目68
飛び降り自殺,平成30年10月12日,新宿区歌舞伎町二丁目215,新宿区,歌舞伎町二丁目215
転落死の可能性有。,分かりません。,新宿区歌舞伎町二丁目292,新宿区,歌舞伎町二丁目292
転落死,平成20年11月28日,新宿区歌舞伎町二丁目212ソフィア2 8階,新宿区,歌舞伎町二丁目212ソフィア2 8階
射殺,平成31年1月21日,新宿区歌舞伎町一丁目123 5階,新宿区,歌舞伎町一丁目123 5階
絞殺,平成27年9月11日,新宿区歌舞伎町二丁目338ホテルビーナス,新宿区,歌舞伎町二丁目338ホテルビーナス
死体発見,平成30年5月29日,新宿区歌舞伎町二丁目359コインロッカー,新宿区,歌舞伎町二丁目359コインロッカー
飛び降り自殺,平成25年3月9日,新宿区歌舞伎町二丁目185プラーズタワー東新宿,新宿区,歌舞伎町二丁目185プラーズタワー東新宿
告知事項あり,不明,新宿区歌舞伎町二丁目185 プラ－ズタワ－東新宿 ［14階1410号室］，16階,新宿区,歌舞伎町二丁目185 プラ－ズタワ－東新宿 ［14階1410号室］，16階
倉庫2階 腐乱死体発見,平成22年5月31日,新宿区新宿五丁目189 シンエイ商会,新宿区,新宿五丁目189 シンエイ商会
斬殺,平成18年12月12日,新宿区新宿五丁目155,新宿区,新宿五丁目155
死体遺棄,平成29年2月15日,新宿区歌舞伎町二丁目5パークネット歌舞伎町第3駐車場,新宿区,歌舞伎町二丁目5パークネット歌舞伎町第3駐車場
飛び降り自殺,平成26年12月,新宿区歌舞伎町二丁目185,新宿区,歌舞伎町二丁目185
無理心中,平成22年8月26日,新宿区歌舞伎町二丁目288ホテルアランド,新宿区,歌舞伎町二丁目288ホテルアランド
8階から飛び降り自殺,平成30年10月26日,新宿区歌舞伎町二丁目215,新宿区,歌舞伎町二丁目215
オーナーの突然死 死体発見,2020 1月,新宿区歌舞伎町一丁目1,新宿区,歌舞伎町一丁目1
転落死,平成25年2月10日,新宿区歌舞伎町二丁目26 ライオンズマンション歌舞伎町第2701,新宿区,歌舞伎町二丁目26 ライオンズマンション歌舞伎町第2701
401号、病死,26年5月,新宿区歌舞伎町二丁目9−１５,新宿区,歌舞伎町二丁目9−１５
自殺,平成30年10月2日,新宿区歌舞伎町二丁目2210,新宿区,歌舞伎町二丁目2210
ホテルから飛び降り自殺最上ビルとホテルの間で死亡。,平成25年1月15日,新宿区歌舞伎町二丁目8,新宿区,歌舞伎町二丁目8
首吊り自殺,平成25年1月20日,新宿区歌舞伎町二丁目308ホテルラモード607,新宿区,歌舞伎町二丁目308ホテルラモード607
硫化水素自殺,平成20年5月19日,新宿区歌舞伎町二丁目1115ホテルイマージュ506,新宿区,歌舞伎町二丁目1115ホテルイマージュ506
湊□クリニック手術ミスによる患者死亡（現在は閉院）,2012年某月,新宿区歌舞伎町二丁目2017朝日新宿館5F,新宿区,歌舞伎町二丁目2017朝日新宿館5F
中国人女性飛び降りゴミ置き場に転落,約10年前,新宿区歌舞伎町一丁目27歌舞伎町ダイカンプラザ星座館,新宿区,歌舞伎町一丁目27歌舞伎町ダイカンプラザ星座館
死体発見,令和元年6月30日,新宿区歌舞伎町二丁目918ライオンズプラザ新宿2階踊り場,新宿区,歌舞伎町二丁目918ライオンズプラザ新宿2階踊り場
死体発見,平成29年12月5日,新宿区歌舞伎町二丁目288ホテルアランド,新宿区,歌舞伎町二丁目288ホテルアランド
死体発見,平成23年3月1日,新宿区歌舞伎町二丁目401レディース510,新宿区,歌舞伎町二丁目401レディース510
首吊り自殺,平成28年2月5日,新宿区歌舞伎町二丁目918,新宿区,歌舞伎町二丁目918
前のホテルだった頃、女性の遺体発見,7年前ぐらい？,新宿区歌舞伎町二丁目274,新宿区,歌舞伎町二丁目274
火災による死亡,平成28年1月7日,新宿区歌舞伎町二丁目2811ホテルまつき1階2階間踊り場,新宿区,歌舞伎町二丁目2811ホテルまつき1階2階間踊り場
無理心中 ．,令和3年4月16日,新宿区歌舞伎町二丁目111,新宿区,歌舞伎町二丁目111
車両事故死,平成29年8月19日,新宿区歌舞伎町二丁目917,新宿区,歌舞伎町二丁目917
傷害致死,令和3年11月27日,新宿区歌舞伎町一丁目27星座館屋上,新宿区,歌舞伎町一丁目27星座館屋上
飛び降り自殺 ．,平成30年10月2日,新宿区歌舞伎町二丁目214,新宿区,歌舞伎町二丁目214
飛び降り自殺,令和2年7月10日,新宿区歌舞伎町一丁目4,新宿区,歌舞伎町一丁目4
死体遺棄,平成29年12月11日,新宿区歌舞伎町二丁目286ホテルジロー,新宿区,歌舞伎町二丁目286ホテルジロー
1階 101号室 2018年11月10日 告知事項有り,平成30年11月10日,新宿区新宿六丁目2720 ダイヤモンドレジデンス新宿,新宿区,新宿六丁目2720 ダイヤモンドレジデンス新宿
首吊り,2005年,新宿区歌舞伎町二丁目2311,新宿区,歌舞伎町二丁目2311
不動産業者より告知物件との報告有,2022年5月頃,新宿区歌舞伎町二丁目18,新宿区,歌舞伎町二丁目18
自殺。,平成28年2月19日,新宿区歌舞伎町二丁目305,新宿区,歌舞伎町二丁目305
セントラルホテル東京部屋不明バス内で女性が首つり自殺,平成18年4月25日,新宿区新宿三丁目347,新宿区,新宿三丁目347
飛び降り自殺,平成27年11月4日,新宿区新宿二丁目64,新宿区,新宿二丁目64
敷地内 刺殺,平成21年7月19日,新宿区新宿三丁目191,新宿区,新宿三丁目191
ホテル建設中屋上より飛び降り自殺,平成27年2月5日,新宿区新宿三丁目72,新宿区,新宿三丁目72
2010年頃屋上より飛び降り自殺有り,20010,新宿区新宿三丁目2911,新宿区,新宿三丁目2911
遺体発見,平成26年6月25日,新宿区新宿三丁目342 個室ビデオ個室内,新宿区,新宿三丁目342 個室ビデオ個室内
飛び降り自殺,平成20年3月2日,新宿区新宿三丁目175カワセビル屋上,新宿区,新宿三丁目175カワセビル屋上
男性飛び降り自殺,平成18年9月4日,新宿区新宿三丁目181,新宿区,新宿三丁目181
清掃業者が転落して死亡,2011年ごろ,新宿区新宿三丁目326,新宿区,新宿三丁目326
ビルとビルの間で死体発見 ．,平成30年10月15日,新宿区新宿三丁目135,新宿区,新宿三丁目135
火災による死亡,令和2年1月5日,台東区東上野六丁目81鍋谷ビル1階,台東区,東上野六丁目81鍋谷ビル1階
Log上野駅前903号室病死（死後時間経過）,2018年夏,台東区東上野四丁目1012 Log上野駅前,台東区,東上野四丁目1012 Log上野駅前
5階 西向き2LDK（LDK147帖、洋室63帖、洋室53帖、洋室45帖） 専有面積7415㎡ バルコニー面積497㎡ 価格6480万円 管理費等14760円 修繕積立金14910円告知事項あり,令和4年8月4日,台東区東上野五丁目215 ジェイパーク上野アクシス,台東区,東上野五丁目215 ジェイパーク上野アクシス
白骨死体,平成29年5月19日,台東区東上野六丁目124,台東区,東上野六丁目124
熱中症による死亡,平成19年8月12日,台東区東上野六丁目126,台東区,東上野六丁目126
飛び降り自殺,平成28年6月14日,台東区東上野三丁目234,台東区,東上野三丁目234
1階2号室 感電死,平成21年10月1日,台東区東上野三丁目365 ホテル大泉,台東区,東上野三丁目365 ホテル大泉
身元不明の男性遺体発見,平成22年12月22日,台東区東上野四丁目79,台東区,東上野四丁目79
8階で30歳男性病死発見時、死後数日経過してた模様,令和2年6月10日,台東区東上野四丁目122,台東区,東上野四丁目122
4階トイレ 死体発見,平成19年1月10日,台東区東上野六丁目28 サウナホテルニュー大泉,台東区,東上野六丁目28 サウナホテルニュー大泉
転落死,平成27年11月29日,台東区上野七丁目95,台東区,上野七丁目95
13階 死後3ヶ月後異臭で発見される,2015年9月,台東区東上野4ｰ4ｰ9,台東区,東上野4ｰ4ｰ9
新築工事現場2階エレベーターホール 50～70歳男性の白骨化死体発見,平成10年3月19日,台東区東上野五丁目165 （仮称）三正東上野ビル,台東区,東上野五丁目165 （仮称）三正東上野ビル
ル・リオン上野ステーションコート病死（死後数日間放置）,2012年頃,台東区上野七丁目92,台東区,上野七丁目92
飛び降り,平成27年1月12日,台東区東上野三丁目1211,台東区,東上野三丁目1211
脳梗塞による孤高死。単身赴任中に死去,平成26年6月23日,台東区台東四丁目2915 ４０２号室,台東区,台東四丁目2915 ４０２号室
殺人,平成21年2月25日,台東区東上野二丁目62パーク・キューブ上野705,台東区,東上野二丁目62パーク・キューブ上野705
首吊り,令和2年2月12日,台東区台東四丁目266,台東区,台東四丁目266
302の住民が死亡,2020年10月,台東区元浅草二丁目212,台東区,元浅草二丁目212
飛び降り,平成31年2月12日,台東区東上野二丁目2512,台東区,東上野二丁目2512
飛び降り自殺,令和4年7月6日,台東区元浅草一丁目38,台東区,元浅草一丁目38
硫化水素自殺,平成21年5月10日,台東区元浅草二丁目78ツクバホテル713,台東区,元浅草二丁目78ツクバホテル713
仮眠室にて病死,2015年頃,台東区東上野一丁目268,台東区,東上野一丁目268
共用部外階段より投身自殺,2008年以前,台東区花川戸一丁目136,台東区,花川戸一丁目136
死体発見,平成25年12月7日,台東区浅草二丁目331スーパーホテル浅草703,台東区,浅草二丁目331スーパーホテル浅草703
首吊り自殺,平成19年1月27日,台東区花川戸一丁目36 花川戸ビル,台東区,花川戸一丁目36 花川戸ビル
修繕工事時足場首吊り自殺1Fにて,2007年,台東区雷門二丁目178,台東区,雷門二丁目178
死体発見,平成22年12月19日,台東区花川戸一丁目1511,台東区,花川戸一丁目1511
孤高死。発見が遅れ、液状化。民泊。,2010年7月,墨田区向島二丁目3,墨田区,向島二丁目3
４階男性孤高死発見,令和2年6月21日,墨田区向島一丁目126,墨田区,向島一丁目126
301号室 角部屋告知事項あり,令和4年6月1日,墨田区向島一丁目97 ホタカリュミエール・イワタ,墨田区,向島一丁目97 ホタカリュミエール・イワタ
803号室 角部屋 分譲賃貸心理的瑕疵有,令和4年10月16日,墨田区向島一丁目65 ハイズ墨田パークレジデンス,墨田区,向島一丁目65 ハイズ墨田パークレジデンス
発見が遅れ死亡日わからず。一部腐敗,平成28年5月28日から29日の間,墨田区向島二丁目26,墨田区,向島二丁目26
敷地内 年齢50歳位男性の死体発見,平成22年7月10日,墨田区吾妻橋一丁目2320 墨田区役所,墨田区,吾妻橋一丁目2320 墨田区役所
飛び降り自殺,平成30年5月3日,墨田区東駒形一丁目32 部屋番号不明,墨田区,東駒形一丁目32 部屋番号不明
飛び降りて死亡,平成30年10月4日,墨田区吾妻橋一丁目2330 URリバーピア吾妻橋ライフタワー1907,墨田区,吾妻橋一丁目2330 URリバーピア吾妻橋ライフタワー1907
4階 南向き1K 専有面積2975㎡ 賃料85万円 管理費等5000円告知事項あり新規室内リフォーム済み、キッチンシンク・エアコン新品,令和4年8月25日,墨田区吾妻橋一丁目16 ドウェルアヅマ,墨田区,吾妻橋一丁目16 ドウェルアヅマ
詳細の日付は不明だが5階の部屋で住人が孤高死してる,令和元年10月1日,墨田区吾妻橋二丁目51,墨田区,吾妻橋二丁目51
首吊り自殺,,墨田区吾妻橋三丁目1115ラフィーヌすみだ501,墨田区,吾妻橋三丁目1115ラフィーヌすみだ501
2階 南向き2DK（洋室5帖、和室6畳、DK86帖） 専有面積4834㎡告知事項有り定期借家（1年）,令和4年5月18日,墨田区東駒形三丁目1613 本所シティハウス,墨田区,東駒形三丁目1613 本所シティハウス
心理的瑕疵物件,令和3年11月,豊島区南池袋二丁目3016,豊島区,南池袋二丁目3016
11階あたりの部屋から飛び降り自殺1階の裏口に落下,2013年1月ごろ,豊島区南池袋二丁目917,豊島区,南池袋二丁目917
男性の変死体発見,2018年６月,豊島区南池袋二丁目917ニッシンパレステージ池袋804,豊島区,南池袋二丁目917ニッシンパレステージ池袋804
飛び降り自殺,平成27年8月30日,豊島区南池袋二丁目818,豊島区,南池袋二丁目818
心理的瑕疵物件あり8階,不明,豊島区南池袋二丁目86,豊島区,南池袋二丁目86
三階の一室にて自殺,2012年前後,豊島区南池袋二丁目4321,豊島区,南池袋二丁目4321
生徒が飛び降り自殺2013年には中1女子生徒が電車に飛び込み自殺,2007年,豊島区東池袋一丁目2522,豊島区,東池袋一丁目2522
死体遺棄,平成17年11月11日,豊島区南池袋二丁目261ホテルティファニー601,豊島区,南池袋二丁目261ホテルティファニー601
死体発見,平成22年2月24日,渋谷区神南一丁目417,渋谷区,神南一丁目417
飛び降り自殺,平成27年8月21日,渋谷区宇田川町103,渋谷区,宇田川町103
転落死,平成19年8月5日,渋谷区神南一丁目818クオリア神南フラッツ建設現場11階,渋谷区,神南一丁目818クオリア神南フラッツ建設現場11階
10階非常階段から落下して死亡,2021年前半,渋谷区神南一丁目2013,渋谷区,神南一丁目2013
死体発見,平成30年10月29日,愛知県名古屋市港区港陽一丁目150ファミール港陽ベイレジデンス9階東端の部屋,愛知県名古屋市,港区港陽一丁目150ファミール港陽ベイレジデンス9階東端の部屋
自殺による転落死,平成26年5月12日,愛知県名古屋市港区港楽一丁目1−１０ 市営港楽荘1棟,愛知県名古屋市,港区港楽一丁目1−１０ 市営港楽荘1棟
事故住宅,不明,愛知県名古屋市港区港楽一丁目110 市営港楽荘1棟 201,愛知県名古屋市,港区港楽一丁目110 市営港楽荘1棟 201
2名の死体発見,令和4年11月3日,愛知県名古屋市港区港楽一丁目110 市営港楽荘1棟,愛知県名古屋市,港区港楽一丁目110 市営港楽荘1棟
自殺,令和2年11月3日,愛知県名古屋市港区港楽二丁目1118,愛知県名古屋市,港区港楽二丁目1118
今日道を通ったら団地の一室で火災が発生していた。かなり燃えていたので中の人はなくなっているかもしれない。そのあとガスの緊急車両が通っていったからガス漏れかも,令和2年9月6日,愛知県名古屋市港区港陽一丁目1,愛知県名古屋市,港区港陽一丁目1
孤高死,平成23年5月頃,世田谷区梅丘三丁目125メゾン吉田,世田谷区,梅丘三丁目125メゾン吉田
３０７号室の居室にて自殺,20118月,世田谷区若林四丁目394,世田谷区,若林四丁目394
腐乱死。体液が玄関扉からも溢れ、一帯が強烈な臭いでした。,令和3年7月,世田谷区若林五丁目188 エステート増永 201号室,世田谷区,若林五丁目188 エステート増永 201号室
火災による死亡,平成23年1月3日,世田谷区梅丘三丁目137,世田谷区,梅丘三丁目137
屋上より女性が飛び降り自殺,平成29年1月18日,世田谷区世田谷三丁目2320,世田谷区,世田谷三丁目2320
１２階から若いカップル飛び降り（外部）,令和4年7月9日,世田谷区世田谷三丁目118,世田谷区,世田谷三丁目118
男性が自殺,15年ほど前,世田谷区世田谷四丁目173,世田谷区,世田谷四丁目173
老人が孤高死をし、死後1か月ほどでやっと発見された。部屋に酷い死臭が染みついてる,2020年9月13日,世田谷区若林四丁目1214コーポシンエイ202,世田谷区,若林四丁目1214コーポシンエイ202
死体発見,最近,世田谷区若林四丁目1627,世田谷区,若林四丁目1627
火災による死亡,令和4年2月5日,世田谷区若林三丁目3010,世田谷区,若林三丁目3010
母屋隣のアパート（２階部分）で孤高死強烈な臭いでした,令和３年７月頃,世田谷区若林四丁目2111,世田谷区,若林四丁目2111
自殺,平成22年10月14日,大田区西蒲田七丁目23第2醍醐ビル6F,大田区,西蒲田七丁目23第2醍醐ビル6F
自殺か病死かは分からないがこのホテルの5F512号室で人が亡くなっていたらしい。朝起きたらちょうど警察が来ていて遺体を運び出そうとしていた場面に遭遇した。,令和5年2月26日,大田区蒲田五丁目184,大田区,蒲田五丁目184
ガス自殺,平成24年7月28日,大田区蒲田五丁目119 404,大田区,蒲田五丁目119 404
駐車場 死体発見,平成21年5月15日,大田区西蒲田七丁目68 グランデュオ蒲田,大田区,西蒲田七丁目68 グランデュオ蒲田
3階女子便所 死体発見,平成22年7月28日,大田区蒲田五丁目131,大田区,蒲田五丁目131
死体発見,平成27年,大田区西蒲田八丁目2011,大田区,西蒲田八丁目2011
10階 角部屋告知事項あり,令和4年10月16日,大田区蒲田五丁目4810 ハイライフ蒲田,大田区,蒲田五丁目4810 ハイライフ蒲田
7階 北向き1K（洋室6帖、K2帖） 専有面積2100㎡心理的瑕疵有,令和3年11月26日,大田区蒲田五丁目502 スカイコート蒲田ガーデン,大田区,蒲田五丁目502 スカイコート蒲田ガーデン
自殺,2年前,大田区西蒲田七丁目659,大田区,西蒲田七丁目659
飛び降り自殺,2013年,大田区西蒲田八丁目21 西蒲田スカイハイツ,大田区,西蒲田八丁目21 西蒲田スカイハイツ
住人ではなかった女の子が7階から駐車場へ飛び降り。,2000年1月,中野区新井二丁目311,中野区,新井二丁目311
自殺,2015年ごろ,中野区野方一丁目291アーバンアメニティ中野5階,中野区,野方一丁目291アーバンアメニティ中野5階
本籍・住所・氏名・年齢不詳、男性、身長160センチメートル、中肉上記の者は令和2年7月28日午後10時35分頃、東京都中野区野方1丁目5番17号中野ダイヤハイツ309において死亡の状態で発見されました。遺体は火葬に付し遺骨は保管してあります。心当たりの方は、当区健康福祉部生活援護課までお申し出ください。（官報号外第170号2021726）,令和2年7月28日,中野区野方一丁目517,中野区,野方一丁目517
2007年に513号室の室内で旦那さんが介護疲れで首つり自殺,2007年,中野区中野五丁目2416中野第二コーポ513号室,中野区,中野五丁目2416中野第二コーポ513号室
1201号室 角部屋 分譲賃貸告知事項有,令和4年9月3日,中野区中野五丁目5112 ザ・パークハウス中野タワー,中野区,中野五丁目5112 ザ・パークハウス中野タワー
2階 202号室 203号室 心理的瑕疵有,平成30年11月8日,中野区中野五丁目373 ヒルトップ1,中野区,中野五丁目373 ヒルトップ1
某有名人の自殺,令和2年12月31日,中野区中野五丁目5112,中野区,中野五丁目5112
老人の孤独死,令和4年3月,中野区中野五丁目3715 201,中野区,中野五丁目3715 201
このマンションが出来て間もなく某有名会社の中年男性が飛び降り自殺有り,平成20年4月7日,中野区新井一丁目93,中野区,新井一丁目93
共用部より飛び降り自殺,2021年4月,中野区中野五丁目5112 ザ・パークハウス中野タワー,中野区,中野五丁目5112 ザ・パークハウス中野タワー
カウンターバー 店内で経営者首つり自殺,2014,中野区中野五丁目5615,中野区,中野五丁目5615
屋上から飛び降り自殺,平成30年6月2日,中野区中野五丁目677 プラザ中野,中野区,中野五丁目677 プラザ中野
エレベータと壁に挟まれ死亡,平成23年11月5日,中野区中野五丁目685ドン・キホーテ中野駅前店地下1階,中野区,中野五丁目685ドン・キホーテ中野駅前店地下1階
共用部より飛び降り自殺,2020年12月,中野区中野五丁目5112 ザ・パークハウス中野タワー,中野区,中野五丁目5112 ザ・パークハウス中野タワー
コーポイーグル 2階の角部屋下は草木が生えていてスペースが空いている２階に住んでいた男性が飛び降り自殺をした敷地内による自殺,平成26年10月16日,中野区中野五丁目3720  201or203,中野区,中野五丁目3720  201or203
６階から飛び降り自殺あり。,平成17年,中野区中野三丁目4317,中野区,中野三丁目4317
106号室告知事項あり,令和4年5月10日,中野区中野三丁目422 メゾンダルブル,中野区,中野三丁目422 メゾンダルブル
2階 角部屋 心理的瑕疵あり 2018年6月内装一部リフォーム済み,平成30年4月22日,中野区中野三丁目2321 コーポ池田,中野区,中野三丁目2321 コーポ池田
1階 角部屋 南向き1LDK（LDK88帖、洋室5帖） 専有面積3502㎡賃料114万円 管理費等10000円告知事項あり,令和4年7月10日,中野区中野三丁目2330 BEROOM中野,中野区,中野三丁目2330 BEROOM中野
火災による死亡,平成24年7月2日,中野区中野三丁目409清風荘10,中野区,中野三丁目409清風荘10
首吊り自殺,平成23年3月8日,中野区中野三丁目5013,中野区,中野三丁目5013
102 自殺,20150729,杉並区高円寺南五丁目141,杉並区,高円寺南五丁目141
火災による死亡,平成25年2月17日,中野区中野三丁目422メゾンダルブル203,中野区,中野三丁目422メゾンダルブル203
火災による死亡,平成20年12月1日,中野区中野三丁目348藤和シティコープ中野501,中野区,中野三丁目348藤和シティコープ中野501
転落死,平成23年1月9日,中野区中野三丁目3012マンション中野ソレイユ9F,中野区,中野三丁目3012マンション中野ソレイユ9F
男性老人孤高死死後3ヶ月後に発見される。,2010年,中野区寿荘,中野区,寿荘
2階道路側の部屋,2010年,中野区寿荘,中野区,寿荘
3F男子サウナ室内で死亡,平成30年8月3日,中野区中野二丁目1416,中野区,中野二丁目1416
スーパーホテル709号室にて死体発見,平成19年7月26日,兵庫県神戸市中央区山本通二丁目111,兵庫県神戸市,中央区山本通二丁目111
元従業員が飛び降り自殺,2015年頃,兵庫県神戸市中央区加納町四丁目815,兵庫県神戸市,中央区加納町四丁目815
首吊り自殺,～5年前,兵庫県神戸市中央区二宮町四丁目810 KDXレジデンス三宮自転車置き場,兵庫県神戸市,中央区二宮町四丁目810 KDXレジデンス三宮自転車置き場
絞殺,平成30年9月15日,兵庫県神戸市中央区二宮町二丁目1323,兵庫県神戸市,中央区二宮町二丁目1323
405号室 告知事項あり物件,過去2年以内,兵庫県神戸市中央区布引町二丁目27,兵庫県神戸市,中央区布引町二丁目27
20代女性の首つり,2015年1月,兵庫県神戸市中央区琴ノ緒町二丁目35   7階,兵庫県神戸市,中央区琴ノ緒町二丁目35   7階
402号室の女性が屋上8階から敷地内飛び降り,2006年,兵庫県神戸市中央区二宮町二丁目1318,兵庫県神戸市,中央区二宮町二丁目1318
変色死体発見httpswwwcitykobelgjpdocuments103693679pdf,令和2年8月31日,兵庫県神戸市中央区二宮町三丁目2番6号山本文化203号,兵庫県神戸市,中央区二宮町三丁目2番6号山本文化203号
女性9Ｆより転落死,令和3年12月2日,兵庫県神戸市中央区加納町三丁目131,兵庫県神戸市,中央区加納町三丁目131
告知事項あり,不明,兵庫県神戸市中央区二宮町2丁目620 コスモ三宮アーバンスクエア 802号,兵庫県神戸市,中央区二宮町2丁目620 コスモ三宮アーバンスクエア 802号
マンションから遺体運んでいくのを見た,令和3年8月26日,兵庫県神戸市中央区中山手通一丁目2015,兵庫県神戸市,中央区中山手通一丁目2015
転落死,平成22年10月10日,兵庫県神戸市中央区琴ノ緒町二丁目76アニメイト神戸,兵庫県神戸市,中央区琴ノ緒町二丁目76アニメイト神戸
男性が死亡。原因は心臓麻痺。,3年前くらい,兵庫県神戸市中央区琴ノ緒町五丁目32,兵庫県神戸市,中央区琴ノ緒町五丁目32
女性飛び降り自殺１０階の部屋から４階部分にせり出した屋根に転落,平成22年8月7日,兵庫県神戸市中央区雲井通八丁目12三宮ターミナルホテル,兵庫県神戸市,中央区雲井通八丁目12三宮ターミナルホテル
ＯＰＡ前さんちかの多目的トイレ内で２７歳男性がヘリウムガスで自殺,平成24年9月9日,兵庫県神戸市中央区御幸通八丁目12,兵庫県神戸市,中央区御幸通八丁目12
飛び降り,7年前頃,兵庫県神戸市中央区布引町四丁目212,兵庫県神戸市,中央区布引町四丁目212
ラウンドワン三宮店の女子トイレで産まれたばかりの胎児が放棄されてた事件がありました。,7年くらい前だったと思う,兵庫県神戸市中央区小野柄通六丁目1−１７,兵庫県神戸市,中央区小野柄通六丁目1−１７
サラリーマン飛び降り,2002,兵庫県神戸市中央区雲井通六丁目115,兵庫県神戸市,中央区雲井通六丁目115
2017年 4F ヘリウム自殺,2017年,兵庫県神戸市中央区三宮町1丁目717,兵庫県神戸市,中央区三宮町1丁目717
コインロッカー下段右から2番目から乳児の死体を発見,平成25年7月26日,兵庫県神戸市中央区琴ノ緒町五丁目415 コインロッカー0020番,兵庫県神戸市,中央区琴ノ緒町五丁目415 コインロッカー0020番
火災による死亡,令和4年7月28日,兵庫県神戸市中央区旭通二丁目1024 2階,兵庫県神戸市,中央区旭通二丁目1024 2階
同区内の女性が飛び降り自殺。,平成28年4月17日,兵庫県神戸市中央区北本町通六丁目414,兵庫県神戸市,中央区北本町通六丁目414
告知事項あり,不明,兵庫県神戸市中央区八雲通5丁目69,兵庫県神戸市,中央区八雲通5丁目69
自殺,2001年3月以降,兵庫県神戸市中央区雲井通三丁目6,兵庫県神戸市,中央区雲井通三丁目6
50代の女性が飛び降りに可能性,平成28年11月4日,兵庫県神戸市中央区雲井通一丁目五丁目12701,兵庫県神戸市,中央区雲井通一丁目五丁目12701
火災による死亡,平成26年6月24日,兵庫県神戸市中央区日暮通六丁目317川越日暮ハイツ101,兵庫県神戸市,中央区日暮通六丁目317川越日暮ハイツ101
１階が組事務所。暴力団員同士の殺人事件あり。,10年程前,兵庫県神戸市中央区旭通一丁目11,兵庫県神戸市,中央区旭通一丁目11
 飛び降り自殺,平成24年,兵庫県神戸市中央区二宮町一丁目132プレミアムコート神戸三宮,兵庫県神戸市,中央区二宮町一丁目132プレミアムコート神戸三宮
別のところからやってきた３６歳女性飛び降り自殺,令和4年10月14日,兵庫県神戸市中央区旭通一丁目11,兵庫県神戸市,中央区旭通一丁目11
転落死,令和4年12月22日,兵庫県神戸市中央区旭通四丁目13シティタワー神戸三宮 上階32階ベランダ,兵庫県神戸市,中央区旭通四丁目13シティタワー神戸三宮 上階32階ベランダ
首吊り自殺だったと思う,10年前ぐらい,兵庫県神戸市中央区雲井通三丁目6,兵庫県神戸市,中央区雲井通三丁目6
転落死。20日午前9時30分頃、神戸市中央区御幸通2のマンション（11階建て）敷地内で、若い男性血を流して倒れているのを、管理人の男性が見つけ、110番した。男性は全身を強く打っており、死亡していた。葺合署によると、マンションの住人とみられ、防犯カメラの映像などから、転落したのは夜間とみられる。6階非常階段からフロア通路に入ろうとしたが、扉に鍵がかかっており、手すりを飛び越え入ろうとした際、転落した可能性があるという。,令和元年7月20日,兵庫県神戸市中央区御幸通二丁目28ドーミー三宮,兵庫県神戸市,中央区御幸通二丁目28ドーミー三宮
男性遺体発見,平成20年9月6日,兵庫県神戸市中央区磯上通四丁目112,兵庫県神戸市,中央区磯上通四丁目112
腐乱死体,２０００,兵庫県神戸市中央区小野柄通二丁目15,兵庫県神戸市,中央区小野柄通二丁目15
心理的瑕疵有,時期不明,兵庫県神戸市中央区御幸通三丁目24 コスモプラザ三宮 9階北西向き住戸,兵庫県神戸市,中央区御幸通三丁目24 コスモプラザ三宮 9階北西向き住戸
レーベン三宮807号室老人孤高死。翌日発見当該事項を告知せず売り出す可能性有り,2017年中,兵庫県神戸市中央区雲井通二丁目11,兵庫県神戸市,中央区雲井通二丁目11
飛び降り自殺 同区内の男性。,２０１０,兵庫県神戸市中央区南本町通六丁目1,兵庫県神戸市,中央区南本町通六丁目1
2018年2月 1003号室 老人の遺体が見つかる,2018年,兵庫県神戸市中央区御幸通三丁目二丁目41003,兵庫県神戸市,中央区御幸通三丁目二丁目41003
簡易宿泊施設「磯上荘」火災により宿泊客が死亡,平成24年1月25日,兵庫県神戸市中央区磯上通二丁目232,兵庫県神戸市,中央区磯上通二丁目232
部屋号数はわからないが、首吊りあり。安い賃貸料の部屋は注意,2010年以前,兵庫県神戸市中央区御幸通三丁目121ライオンズマンション三宮,兵庫県神戸市,中央区御幸通三丁目121ライオンズマンション三宮
深夜、15階エレベータホールからの飛び降り自殺（男性）,令和3年3月28日,兵庫県神戸市中央区御幸通二丁目23,兵庫県神戸市,中央区御幸通二丁目23
心理的瑕疵,2005,兵庫県神戸市中央区北本町通六丁目113,兵庫県神戸市,中央区北本町通六丁目113
ラコート三宮 5階 告知事項物件心理的瑕疵物件,平成28年9月1日,兵庫県神戸市中央区御幸通三丁目125,兵庫県神戸市,中央区御幸通三丁目125
マンションの住民ではないと思われる身元不明の方が深夜に飛び降り自殺明け方に発見された,令和4年11月3日,兵庫県神戸市中央区御幸通六丁目130,兵庫県神戸市,中央区御幸通六丁目130
３階 男性死亡,令和4年4月6日,大阪府堺市北区新金岡町四丁目28,大阪府堺市,北区新金岡町四丁目28
看護士から虐待を受けた老人が死亡,平成21年9月15日,大阪府堺市北区新金岡町5丁13病院内,大阪府堺市,北区新金岡町5丁13病院内
飛び降り自殺２回目,令和5年3月8日,大阪府堺市北区新金岡町四丁目51,大阪府堺市,北区新金岡町四丁目51
6号棟503号室。心理的瑕疵有。,2022年3月頃,大阪府堺市北区金岡町704,大阪府堺市,北区金岡町704
アルティス新金岡2000年に建築されたマンションですが、2000年〜2005年の間？に飛び降り自殺がありました。飛び降り自殺,平成29年1月6日,大阪府堺市北区新金岡町5丁15,大阪府堺市,北区新金岡町5丁15
告知事項あり,20210426,葛飾区立石五丁目2312,葛飾区,立石五丁目2312
コーポ山元102号室｡告知事項ありhttpswwwhomescojpchintaib37011320094900,不明,葛飾区立石三丁目309,葛飾区,立石三丁目309
2階 北向きワンルーム（洋室65帖） 専有面積1736㎡ 賃料5万円告知事項あり,令和4年8月5日,葛飾区立石三丁目2718 グリュックスハイム,葛飾区,立石三丁目2718 グリュックスハイム
火災による死亡,令和4年3月18日,葛飾区立石七丁目6,葛飾区,立石七丁目6
火災による死亡,平成25年5月7日,葛飾区立石四丁目314,葛飾区,立石四丁目314
一階にて独居男性の硫化水素による自殺未遂発生,20112012？,杉並区阿佐谷南三丁目77,杉並区,阿佐谷南三丁目77
独居の老人が孤高死,2016年頃,杉並区阿佐谷南三丁目620第一赤松荘,杉並区,阿佐谷南三丁目620第一赤松荘
404号室 角部屋告知事項有2022年8月室内スケルトンリフォーム済,令和4年9月9日,杉並区成田東五丁目3414 住友南阿佐ヶ谷シティハウス,杉並区,成田東五丁目3414 住友南阿佐ヶ谷シティハウス
火災による死亡,平成26年5月22日,杉並区成田東五丁目3022,杉並区,成田東五丁目3022
2階 201号室 角部屋 2018年12月21日 告知事項あり2018年12月室内フルリフォーム システムキッチンや温水洗浄便座、お風呂など水回りの設備は新品です。,平成30年12月21日,杉並区阿佐谷南三丁目211 マナーテラス,杉並区,阿佐谷南三丁目211 マナーテラス
10階 心理的瑕疵あり,不明,杉並区成田東五丁目4210 阿佐ケ谷陵雲閣マンション,杉並区,成田東五丁目4210 阿佐ケ谷陵雲閣マンション
※告知事項有（入居者死亡）,2021,杉並区阿佐谷南一丁目273 本間アパート A7号室,杉並区,阿佐谷南一丁目273 本間アパート A7号室
1階 心理的瑕疵あり,平成30年11月6日,杉並区成田東四丁目3518 メゾン中里,杉並区,成田東四丁目3518 メゾン中里
告知事項が御座います,不明,杉並区阿佐谷南一丁目2018 セジュール阿佐ヶ谷 1F 部屋番不明,杉並区,阿佐谷南一丁目2018 セジュール阿佐ヶ谷 1F 部屋番不明
高層階から中庭に飛び降り自殺,2007年ごろ,杉並区阿佐谷南一丁目125,杉並区,阿佐谷南一丁目125
3階 角部屋 東向きワンルーム（洋室6帖） 専有面積16㎡ 賃料54万円 管理費等2000円容認事項有,令和4年8月6日,杉並区阿佐谷南一丁目98 マンションアルファ,杉並区,阿佐谷南一丁目98 マンションアルファ
406号室 角部屋告知事項あり,令和4年6月14日,杉並区阿佐谷南一丁目88 タウンコート阿佐ヶ谷,杉並区,阿佐谷南一丁目88 タウンコート阿佐ヶ谷
告知事項あり 詳細不明,２０１９年９月２７日,杉並区阿佐谷南一丁目146 3F,杉並区,阿佐谷南一丁目146 3F
火災による死亡,平成24年3月22日,杉並区阿佐谷南一丁目2022川染荘101,杉並区,阿佐谷南一丁目2022川染荘101
警察の立ち入りにて遺体発見,平成29年12月5日,杉並区阿佐谷南一丁目2024,杉並区,阿佐谷南一丁目2024
孤高死,15年前,文京区小石川二丁目813,文京区,小石川二丁目813
コア伝通院 3階 告知事項あり。httpssuumojpchintaitokyoscbunkyojnc000027501988bc100091752252,平成29年5月15日,文京区春日一丁目1113,文京区,春日一丁目1113
5年ほど前ラーメン屋の前の店舗とんかつ屋主店の中で首つり,5ねんほどまえ,文京区小石川一丁目159,文京区,小石川一丁目159
無理心中,平成30年9月26日,文京区本郷五丁目114梨の木坂ハウス,文京区,本郷五丁目114梨の木坂ハウス
住人の飛び降り自殺,2015年3月頃,文京区本郷一丁目3515 都営本郷一丁目アパート 3階陸屋根,文京区,本郷一丁目3515 都営本郷一丁目アパート 3階陸屋根
女性の孤高死,2013年,文京区本郷四丁目305,文京区,本郷四丁目305
シビックセンター屋内階段区職員が首吊り自殺,2016年,文京区春日一丁目1621,文京区,春日一丁目1621
14階非常階段より 飛び降り自殺,平成22年7月27日,文京区本郷一丁目3515 都営本郷一丁目アパート,文京区,本郷一丁目3515 都営本郷一丁目アパート
自殺,平成23年5月11日,文京区後楽一丁目76,文京区,後楽一丁目76
死体発見,平成21年11月9日,文京区本郷一丁目1113福田ビル1階,文京区,本郷一丁目1113福田ビル1階
心理的瑕疵有,時期不明,文京区本郷一丁目333 後楽園キャステール 3階,文京区,本郷一丁目333 後楽園キャステール 3階
女子生徒が校舎5階 生物室から投身,令和3年7月7日,文京区本郷一丁目525,文京区,本郷一丁目525
ジオポリス北側トンネル通路 ペルー人男性、病死,平成20年10月15日,文京区後楽一丁目3 東京ドームシティ,文京区,後楽一丁目3 東京ドームシティ
805室 女性飛び降り自殺。,平成26年10月16日,文京区本郷一丁目333,文京区,本郷一丁目333
硫化水素自殺,平成22年3月26日,文京区本郷一丁目332水道橋グランドホテル523,文京区,本郷一丁目332水道橋グランドホテル523
旧名称：アルティス本郷906号室 角部屋告知事項有,令和4年7月28日,文京区本郷一丁目244 レジディア文京本郷,文京区,本郷一丁目244 レジディア文京本郷
2階 南東向き 2095㎡告知事項アリ,不明,荒川区荒川七丁目347,荒川区,荒川七丁目347
2階 告知事項有13階 6階共用部告知事項あり,,荒川区荒川七丁目363,荒川区,荒川七丁目363
マークスタワー24階より飛び降り自殺,平成25年11月22日,荒川区荒川七丁目461,荒川区,荒川七丁目461
火災による死亡,平成20年7月4日,荒川区荒川七丁目243,荒川区,荒川七丁目243
3階 西向き3LDK 専有面積6467㎡告知事項有,令和4年5月10日,荒川区荒川七丁目363 セブン・ナルケマンション,荒川区,荒川七丁目363 セブン・ナルケマンション
410号室 分譲賃貸告知事項有定期借家（3年）,令和4年8月22日,荒川区荒川七丁目461 マークスタワー,荒川区,荒川七丁目461 マークスタワー
在日韓国人の青年飛び降り自殺,平成24年,荒川区荒川七丁目36−３,荒川区,荒川七丁目36−３
最上階より女性飛び降り自殺,平成18年,荒川区荒川七丁目36−３,荒川区,荒川七丁目36−３
火災による死亡,平成31年1月20日,荒川区荒川二丁目457,荒川区,荒川二丁目457
一戸建て住宅1人暮らしで男性が亡くなり周辺住民が腐乱臭に気付き通報。その後改装してアパートになった。,平成17年9月1日,荒川区荒川四丁目324 サンハイツ,荒川区,荒川四丁目324 サンハイツ
心理的瑕疵有,不明,荒川区荒川七丁目363 セブン・ナルケマンション［4階402号室］，10階，［11階1101号室］,荒川区,荒川七丁目363 セブン・ナルケマンション［4階402号室］，10階，［11階1101号室］
7階 西向き3LDK（LDK134帖、洋室62帖、洋室49帖、洋室38帖） 専有面積6467㎡ 賃料17万円 管理費等15000円告知事項有,令和4年7月17日,荒川区荒川七丁目363 セブン・ナルケマンション,荒川区,荒川七丁目363 セブン・ナルケマンション
505号室告知事項あり,令和4年5月27日,荒川区荒川七丁目363 セブン・ナルケマンション,荒川区,荒川七丁目363 セブン・ナルケマンション
転落死,平成22年2月25日,荒川区荒川四丁目41,荒川区,荒川四丁目41
火災による死亡,平成21年12月24日,荒川区荒川三丁目304,荒川区,荒川三丁目304
死体発見,平成27年7月30日,荒川区荒川四丁目227サンハイツ荒川2階,荒川区,荒川四丁目227サンハイツ荒川2階
孤高死,2015,板橋区仲宿348,板橋区,仲宿348
心理的瑕疵物件,2013,板橋区仲宿3613,板橋区,仲宿3613
4階 角部屋告知事項有,令和4年10月13日,板橋区仲宿573 メゾン・ド・セレール,板橋区,仲宿573 メゾン・ド・セレール
孤高死,2014,板橋区仲宿357,板橋区,仲宿357
1階 南向き1DK（和室6畳、DK5帖、風呂なし） 専有面積20㎡ 賃料4万円告知事項あり,令和4年6月23日,板橋区仲宿3512 青田荘,板橋区,仲宿3512 青田荘
グラスコート板橋 部屋番号不明心理的瑕疵物件,2010年以降,板橋区板橋三丁目914,板橋区,板橋三丁目914
ジュエル板橋区役所前7階心理的瑕疵物件,令和3年2月22日,板橋区板橋三丁目812,板橋区,板橋三丁目812
心理的瑕疵が御座います,不明,板橋区仲宿3512 青田荘 206号室,板橋区,仲宿3512 青田荘 206号室
告知事項あり,2017年,板橋区板橋三丁目913 野間ビル 4階402,板橋区,板橋三丁目913 野間ビル 4階402
原因不明の事故,2011,板橋区仲宿3610,板橋区,仲宿3610
1階 角部屋 南向き1DK（洋室6帖、DK68帖） 専有面積238㎡心理的瑕疵あり（同建物内の別室にて自殺及び自然死の瑕疵あり）,令和4年5月15日,板橋区板橋三丁目113 グリーンパレス,板橋区,板橋三丁目113 グリーンパレス
402号室 角部屋心理的瑕疵有,令和4年10月15日,板橋区仲宿573 メゾン・ド・セレール,板橋区,仲宿573 メゾン・ド・セレール
心理的瑕疵物件,5年前,板橋区仲宿391 須田ビル402,板橋区,仲宿391 須田ビル402
心理的瑕疵有,不明,板橋区仲宿438 ドミールジュネス 2階203号室南西角部屋,板橋区,仲宿438 ドミールジュネス 2階203号室南西角部屋
httpssuumojpchintaitokyoscitabashibc100039936988第三トキワコーポ 2階 部屋番号は不明告知事項が御座います,2015年,板橋区仲宿586 第三トキワコーポ,板橋区,仲宿586 第三トキワコーポ
801。心理的瑕疵あり,不明,板橋区板橋三丁目23,板橋区,板橋三丁目23
刑法第190条,平成26年3月7日,板橋区板橋二丁目603板橋区役所前ビューハイツ703,板橋区,板橋二丁目603板橋区役所前ビューハイツ703
1008号室心理的瑕疵あり,20163上旬,板橋区板橋二丁目639,板橋区,板橋二丁目639
自殺,2015,板橋区板橋二丁目642,板橋区,板橋二丁目642
死体発見,平成23年8月中旬,板橋区大山東町3212トーカンマンション大山205,板橋区,大山東町3212トーカンマンション大山205
5Fスーモに心的瑕疵物件と記載あり,201710頃,板橋区板橋三丁目23,板橋区,板橋三丁目23
心理的瑕疵あり,不明,板橋区板橋三丁目23リヴァ－ジュコ－ト 7階701,板橋区,板橋三丁目23リヴァ－ジュコ－ト 7階701
ルビナス大山、1LDK最上階角部屋ポーチ部分にて自殺,2012年上旬,板橋区大山金井町１,板橋区,大山金井町１
心理的瑕疵あり,不明,板橋区板橋三丁目23 リヴァ－ジュコ－ト 2階203号室,板橋区,板橋三丁目23 リヴァ－ジュコ－ト 2階203号室
ホワイトパレスイトウ心理的瑕疵あり。7F,平成27年6月25日,板橋区板橋三丁目22601号室602号室,板橋区,板橋三丁目22601号室602号室
腐乱死体発見,2017年7月中旬,板橋区大山東町321 フェニックス板橋大山207号室,板橋区,大山東町321 フェニックス板橋大山207号室
飛び降り自殺,平成２５年,板橋区板橋三丁目32,板橋区,板橋三丁目32
httpssuumojpchintaitokyoscitabashibc100030931779リヴァ－ジュコ－ト 9階 部屋番号は不明告知事項が御座います,2016年,板橋区板橋三丁目23 リヴァ－ジュコ－ト,板橋区,板橋三丁目23 リヴァ－ジュコ－ト
火災による焼死,2000,板橋区板橋二丁目7,板橋区,板橋二丁目7
心理的瑕疵あり,不明,板橋区板橋三丁目22 ホワイトパレスイトウ601,板橋区,板橋三丁目22 ホワイトパレスイトウ601
7階702心理的瑕疵物件有り,不明,板橋区板橋三丁目23,板橋区,板橋三丁目23
１階の浴槽にて自殺,６年前,板橋区板橋三丁目4413,板橋区,板橋三丁目4413
2Fで2軒、スーモに心理的瑕疵物件として掲載されています。,201710頃,板橋区板橋三丁目23,板橋区,板橋三丁目23
心理的瑕疵あり,不明,板橋区板橋三丁目二丁目2602,板橋区,板橋三丁目二丁目2602
高所作業車が倒れて死亡,平成25年1月16日,品川区二葉一丁目1建設現場,品川区,二葉一丁目1建設現場
3階 東向きワンルーム 専有面積1394㎡ 賃料47万円 管理費等3000円告知事項あり,令和4年7月2日,品川区豊町二丁目182 メゾン・ド・リュビ,品川区,豊町二丁目182 メゾン・ド・リュビ
火災による死亡,平成18年8月22日,品川区西品川一丁目1110青雲荘207210,品川区,西品川一丁目1110青雲荘207210
販売物件 告知事項アリ 記載,20225完成販売物件,品川区豊町二丁目142,品川区,豊町二丁目142
青稜中学校三階から転落その後死亡,2018年10月,品川区二葉一丁目66,品川区,二葉一丁目66
飛び降り自殺,平成19年4月11日,品川区広町二丁目119 JR広町アパート4号棟,品川区,広町二丁目119 JR広町アパート4号棟
首吊り自殺,24年1月,品川区二葉１丁目１７１８ メゾン・ド・パナシェ 209,品川区,二葉１丁目１７１８ メゾン・ド・パナシェ 209
刺殺,令和4年5月17日,品川区大井二丁目716,品川区,大井二丁目716
心理的瑕疵,平成30年10月1日,品川区二葉一丁目123,品川区,二葉一丁目123
病死がありました,不明,品川区二葉1丁目139 メゾンドアストル 203号室,品川区,二葉1丁目139 メゾンドアストル 203号室
3階 ホームズにて心理的瑕疵ありと記載,不明,品川区大井一丁目369,品川区,大井一丁目369
告知事項あり物件下のフロアの住民がモンスタークレーマー居室内を歩くだけで音が煩く鳴り響くと管理会社へ連絡をする床をタイルカーペットに変更したものの、新しく入居した方がすぐ退去してしまった。,令和2年5月13日,品川区大井一丁目357 アーマックス大井町0304号室,品川区,大井一丁目357 アーマックス大井町0304号室
自然死。遺体発見。死後2～3週間経過。,平成29年9月6日,品川区大井一丁目526 コスモ大井町406,品川区,大井一丁目526 コスモ大井町406
802号室の住人が午前3時ころ飛び降り。7月15日に生活本舗が室内整理予定。,令和3年5月18日,品川区大井一丁目2510,品川区,大井一丁目2510
709号室告知事項有り室内新規リフォーム済,令和4年5月14日,品川区大井一丁目218 メガロン大井町,品川区,大井一丁目218 メガロン大井町
火災による死亡,平成23年11月27日,品川区大井一丁目2119メゾン大井町203,品川区,大井一丁目2119メゾン大井町203
住民意識不明の状態で発見。病院搬送されるも死亡確認。遺品整理後、リフォーム実施,令和2年6月1日,品川区大井一丁目2112 東急ドエル・アルス大井一丁目 804,品川区,大井一丁目2112 東急ドエル・アルス大井一丁目 804
【投資用オーナーチェンジ】9階 南向き1R 専有面積99㎡ 価格750万円 管理費等7000円 修繕積立金6000円告知事項あり：現在の賃借人の前の賃借人が孤高死しております。,令和4年9月19日,品川区大井一丁目437 トップルーム品川NO2,品川区,大井一丁目437 トップルーム品川NO2
6階 分譲賃貸告知事項有り2017年7月リフォーム済外国籍・水商売可、高齢者相談、事務所使用可,令和4年10月5日,品川区大井一丁目437 トップルーム品川NO2,品川区,大井一丁目437 トップルーム品川NO2
心理的瑕疵有と記載LIFULL HOMES,不明,品川区大井一丁目437 トップルーム品川第二 705号室,品川区,大井一丁目437 トップルーム品川第二 705号室
飛び降り自殺,2021年05月初旬,千代田区九段南一丁目31,千代田区,九段南一丁目31
敷地内 死体発見,平成19年8月21日,千代田区神田神保町二丁目429 松本ビル,千代田区,神田神保町二丁目429 松本ビル
自殺,2011年,千代田区神田神保町三丁目111 6階,千代田区,神田神保町三丁目111 6階
メゾン・ド・ヴィレ神田神保町406号室 告知事項有り,不明,千代田区神田神保町二丁目六丁目114,千代田区,神田神保町二丁目六丁目114
201号室告知事項有,令和4年4月27日,足立区中央本町四丁目62 セントラルハイツ,足立区,中央本町四丁目62 セントラルハイツ
102号室告知事項有,令和4年5月10日,足立区中央本町四丁目62 セントラルハイツ,足立区,中央本町四丁目62 セントラルハイツ
告知事項あり（不動産情報より）,2020年3月現在,足立区中央本町四丁目62 セントラルハイツ 1階,足立区,中央本町四丁目62 セントラルハイツ 1階
604号室から女性が犬を抱き飛び降り。,2011年頃,足立区中央本町一丁目1812,足立区,中央本町一丁目1812
6階 角部屋告知事項有2022年10月リフォーム完了予定,令和4年10月15日,足立区梅田七丁目229 梅島ハイツ,足立区,梅田七丁目229 梅島ハイツ
203号室告知事項有,令和4年5月24日,足立区梅島一丁目246 シティーフラッツ,足立区,梅島一丁目246 シティーフラッツ
賃貸の募集が出ていたが同建物内の他の部屋と比較して明らかに家賃が安かったので不動産業者に確認人が亡くなっているとのこと502号室,2021年11月,足立区足立四丁目1616,足立区,足立四丁目1616
居住男性の病気による孤高死,2019,足立区梅島一丁目24番6号シティフラッツ103号室,足立区,梅島一丁目24番6号シティフラッツ103号室
中年女性 病死による孤高死,H299月上旬,足立区梅島一丁目241 601,足立区,梅島一丁目241 601
5階 西向き1K（洋室8帖、K） 専有面積2976㎡ 賃料5万円 管理費等5000円告知事項あり,令和4年6月15日,足立区足立四丁目1616 コルソ五反野,足立区,足立四丁目1616 コルソ五反野
敷地内 首吊り自殺,平成25年9月17日,足立区中央本町一丁目66 都営中央本町一丁目アパート6号棟,足立区,中央本町一丁目66 都営中央本町一丁目アパート6号棟
心理的瑕疵,2012,目黒区上目黒二丁目1720,目黒区,上目黒二丁目1720
練炭自殺,2010〜2011,目黒区上目黒二丁目1611,目黒区,上目黒二丁目1611
賃貸物件サイトに病死の部屋がある旨、記載あり,2014年？,目黒区上目黒二丁目182,目黒区,上目黒二丁目182
訂正して下さり、ありがとうございます。東京都目黒区上目黒2154 マスダビル 増田隆良 301024,平成30年10月24日,目黒区上目黒二丁目154,目黒区,上目黒二丁目154
転落死,平成23年10月21日,目黒区中目黒一丁目1022中目黒ハイツ15階3階,目黒区,中目黒一丁目1022中目黒ハイツ15階3階
パシフィックタワー中目黒・高層棟屋上・首吊り自殺。部外者がマンションに侵入し屋上にて首吊り自殺。当該物件に住んでいた別れた彼女への嫌がらせと思われる。,平成20年11月？,目黒区上目黒二丁目151,目黒区,上目黒二丁目151
8階から飛び降り自殺,平成28年9月15日,練馬区練馬三丁目12 ドゥーエ練馬Ⅱ,練馬区,練馬三丁目12 ドゥーエ練馬Ⅱ
飛び降り自殺,平成21年6月16日,練馬区練馬三丁目28ライオンズマンション練馬14階,練馬区,練馬三丁目28ライオンズマンション練馬14階
刺殺,平成20年4月3日,練馬区中村北一丁目113フォーラムイン東京718,練馬区,中村北一丁目113フォーラムイン東京718
告知事項有,不明,練馬区練馬一丁目68 ボナール縁 5階角部屋,練馬区,練馬一丁目68 ボナール縁 5階角部屋
死体発見,令和3年6月21日,練馬区練馬三丁目28ライオンズマンション練馬,練馬区,練馬三丁目28ライオンズマンション練馬
告知事項あり,令和元年9月1日,練馬区中村一丁目1119 207号室,練馬区,中村一丁目1119 207号室
6日朝方9階非常階段から飛び降り,平成29年5月6日,練馬区練馬三丁目35,練馬区,練馬三丁目35
首吊自殺,2014年ごろ,練馬区豊玉北六丁目251,練馬区,豊玉北六丁目251
火災による死亡,平成20年2月7日,練馬区豊玉北六丁目209豊玉第2コーポラス713,練馬区,豊玉北六丁目209豊玉第2コーポラス713
706号室 分譲賃貸告知事項有2022年10月リフォーム済,令和4年10月3日,練馬区中村北一丁目113 フォーラムイン東京,練馬区,中村北一丁目113 フォーラムイン東京
306号室 告知事項あり不動産ホームページに記載,不明,練馬区中村北一丁目113,練馬区,中村北一丁目113
7階から飛び降り自殺,令和3年4月13日,練馬区中村北一丁目116,練馬区,中村北一丁目116
1313号室 告知事項あり不動産ホームページに記載,不明,練馬区中村北一丁目113,練馬区,中村北一丁目113
サンパレス練馬105号室告知事項あり,不明,練馬区練馬一丁目615,練馬区,練馬一丁目615
5階 504号室 心理的瑕疵あり,平成30年10月25日,練馬区練馬一丁目68 ボナール縁,練馬区,練馬一丁目68 ボナール縁
14階で自殺,平成30年11月29日,練馬区練馬三丁目25,練馬区,練馬三丁目25
504号室、1309号室告知事項あり,令和4年9月3日,練馬区中村北一丁目113 フォーラムイン東京,練馬区,中村北一丁目113 フォーラムイン東京
絞殺,平成21年6月16日,練馬区練馬三丁目28ライオンズマンション練馬403,練馬区,練馬三丁目28ライオンズマンション練馬403
刺殺,平成19年2月14日,府中市宮西町一丁目5,府中市,宮西町一丁目5
心理的瑕疵物件,平成30年4月11日,府中市府中町二丁目101,府中市,府中町二丁目101
ホテルコンチネンタル府中、地下１階自己啓発主催者ら書類送検＝セミナー中に男性死亡―遺棄致死容疑で・警視庁,平成22年1月27日,府中市府中町一丁目51,府中市,府中町一丁目51
病死,平成18年2月18日,府中市本町一丁目131,府中市,本町一丁目131
201号室 国籍不詳、年齢37歳、女性、食道静脈瘤破裂による死亡,平成23年10月10日,府中市宮町二丁目198 パークモト江,府中市,宮町二丁目198 パークモト江
2階。告知事項ありとなっていたが続々と退去者が出た為か、業者が借りたことにし内容を隠し再度募集をかけていた。,2018年8月頃,府中市本町一丁目947ドウエル府中本町,府中市,本町一丁目947ドウエル府中本町
首吊り自殺,首吊り自殺,八王子市元本郷町三丁目241,八王子市,元本郷町三丁目241
老人孤高死,令和3年2月8日,八王子市元本郷町四丁目149,八王子市,元本郷町四丁目149
105号室 孤高死・腐乱,2017年7～8月頃,八王子市元本郷町三丁目75,八王子市,元本郷町三丁目75
火災による死亡,平成28年3月17日,八王子市元本郷町三丁目916,八王子市,元本郷町三丁目916
病死腐乱死体,令和元年12月10日,八王子市元本郷町四丁目1424,八王子市,元本郷町四丁目1424
亡くなった母親を自宅に放置して、一緒に生活していた。異臭に気づいた近所の人が警察に通報して遺体が発見された。,令和元年12月10日,八王子市元本郷町四丁目1424,八王子市,元本郷町四丁目1424
刺殺,平成26年6月13日,八王子市元本郷町四丁目132都営元本郷町四丁目アパート2号棟108,八王子市,元本郷町四丁目132都営元本郷町四丁目アパート2号棟108
202号室 角部屋告知事項有,令和4年10月8日,日野市神明四丁目712 コートピア日野,日野市,神明四丁目712 コートピア日野
首吊り自殺,2021年5月,国分寺市戸倉一丁目825,国分寺市,戸倉一丁目825
火災により78歳男性が4日後に亡くなった,平成29年7月22日,国分寺市日吉町四丁目61,国分寺市,日吉町四丁目61
5階 角部屋告知事項有り,令和4年10月6日,国分寺市戸倉一丁目825 PlaceK,国分寺市,戸倉一丁目825 PlaceK
6階 角部屋告知事項有り,令和4年10月6日,国分寺市戸倉一丁目825 PlaceK,国分寺市,戸倉一丁目825 PlaceK
206号室、506号室告知事項あり,令和4年7月30日,国分寺市戸倉一丁目825 プレイスK,国分寺市,戸倉一丁目825 プレイスK
火災によりお亡くなり,30年前,国分寺市戸倉一丁目514,国分寺市,戸倉一丁目514
606号室告知事項あり,令和4年7月30日,国分寺市戸倉一丁目825 プレイスK,国分寺市,戸倉一丁目825 プレイスK
絞殺,平成19年5月6日,町田市森野二丁目48 CASA VICENS,町田市,森野二丁目48 CASA VICENS
心中,平成28年2月18日,神奈川県相模原市南区鵜野森二丁目276鵜野森団地F棟402,神奈川県相模原市,南区鵜野森二丁目276鵜野森団地F棟402
精神的瑕疵,2017,町田市森野五丁目152,町田市,森野五丁目152
告知事項あり,不明,町田市森野二丁目34 ビラージュシンワ 301号室,町田市,森野二丁目34 ビラージュシンワ 301号室
402号室 初老の男性 餓死,2013年,町田市森野五丁目134,町田市,森野五丁目134
押し入れに人骨が見付かった。未解決事件。,2007年,町田市森野五丁目1117,町田市,森野五丁目1117
410号室  病死,2014年,神奈川県相模原市南区鵜野森三丁目32−２７,神奈川県相模原市,南区鵜野森三丁目32−２７
部屋番号不明。老人の遺体発見。緊急車両と警官の出動を、向かいにある予備校の学生多数が目撃。,2017年夏頃,町田市森野一丁目3214アールヴェール町田森野,町田市,森野一丁目3214アールヴェール町田森野
死亡事故,平成24年10月12日,町田市森野二丁目14,町田市,森野二丁目14
火災による死亡,平成27年12月29日,町田市森野一丁目411都営森野住宅11号棟3階,町田市,森野一丁目411都営森野住宅11号棟3階
1F 孤高死,2020年3月,町田市森野一丁目34,町田市,森野一丁目34
熱中症により孤高死,2014年か2015年の8月頃,青梅市東青梅二丁目1612,青梅市,東青梅二丁目1612
夕方頃に救急車や警察が来ていた。防護服着ていた人もいたから、多分そういうことがあったと思われる。,令和3年7月後半,青梅市東青梅三丁目264,青梅市,東青梅三丁目264
心理的瑕疵有,時期不明,青梅市東青梅二丁目1913 ホーユウコンフォルト東青梅 3階,青梅市,東青梅二丁目1913 ホーユウコンフォルト東青梅 3階
孤高死もしくは自然死,2010年代,青梅市東青梅三丁目九丁目5206,青梅市,東青梅三丁目九丁目5206
告知事項あり。業者は全オーナーが病死と伝えてきたが、正確には前々オーナーが自殺、全オーナーが失踪とのこと。,2018年時点での情報,青梅市東青梅三丁目85,青梅市,東青梅三丁目85
自殺,平成29年10月8日,青梅市東青梅二丁目一六丁目3501号室,青梅市,東青梅二丁目一六丁目3501号室
心理的瑕疵物件,平成２０年頃,青梅市東青梅三丁目12,青梅市,東青梅三丁目12
独居男性の病死。発見時死後3ヶ月程度経過。,2011年,青梅市千ヶ瀬町二丁目1276,青梅市,千ヶ瀬町二丁目1276
告知事項あり（不動産情報より）,2020年1月現在,調布市小島町二丁目121 ＡＬＰＩＮＥ ＣＯＵＲＴ １ 1階,調布市,小島町二丁目121 ＡＬＰＩＮＥ ＣＯＵＲＴ １ 1階
傷害致死,平成24年9月18日～平成24年9月20日,調布市小島町二丁目1426ユマニテ調布103,調布市,小島町二丁目1426ユマニテ調布103
ファミール小島町2F（部屋番号不明）心理的瑕疵物件あり,不明,調布市小島町二丁目195,調布市,小島町二丁目195
◆エスター調布B203号室◆死亡している70代くらいの女性と50代くらいの男性発見。外傷なし。連絡が取れず施錠されていたので、消防がベランダの窓を割って部屋に入り発見。いずれもあおむけの状態で倒れていた。httpswwwtokyonpcojparticle150176httpswwwsankeicomarticle20211221JCD34JMV4FJB5KUT54ME6VEQEY,令和4年1月20日,調布市小島町二丁目12,調布市,小島町二丁目12
201号室 角部屋告知事項有,令和4年5月27日,調布市小島町二丁目121 アルパイン・コートⅡ,調布市,小島町二丁目121 アルパイン・コートⅡ
29歳女性が首吊り自殺,2018年3月9日,三鷹市上連雀九丁目1414,三鷹市,上連雀九丁目1414
心理的瑕疵物件不動産情報に記載あり,時期不明,三鷹市上連雀八丁目216 コスモハイツ 2階,三鷹市,上連雀八丁目216 コスモハイツ 2階
心理的瑕疵有2019年02月：内装リフォーム済,時期不明,三鷹市下連雀九丁目712 カサーレ三鷹 3階南向き住戸,三鷹市,下連雀九丁目712 カサーレ三鷹 3階南向き住戸
告知事項が御座います,不明,三鷹市下連雀九丁目540 アケボノマンション 202号室,三鷹市,下連雀九丁目540 アケボノマンション 202号室
2019年始頃 首吊り自殺,2019年始頃,三鷹市下連雀九丁目712カサーレ三鷹309,三鷹市,下連雀九丁目712カサーレ三鷹309
シャトー小金井10階 火災で1人死亡,平成15年5月10日,小金井市本町六丁目53,小金井市,本町六丁目53
告知事項あり（不動産情報より）,2020年1月現在,東村山市本町二丁目2040 グレイスマンション 2階,東村山市,本町二丁目2040 グレイスマンション 2階
心理的瑕疵有,時期不明,東村山市本町一丁目21 エヴァース 1階102号室,東村山市,本町一丁目21 エヴァース 1階102号室
火災による死亡,平成29年1月3日,東村山市本町一丁目1728,東村山市,本町一丁目1728
告知事項あり,令和2年12月25日,東村山市本町四丁目23,東村山市,本町四丁目23
エミュー久米川 一階不動産情報に心理的瑕疵との表記有り,不明,東村山市本町一丁目445,東村山市,本町一丁目445
２２２号室は告知事項あり、室内全体の補修工事が行われたらしいが、どのようなことがあったのか不明。年月日は補修完了から逆洗したもの。,令和2年2月1日,東村山市本町一丁目1324,東村山市,本町一丁目1324
103号室 亡くなって3日ほどたって独居男性発見,平成27年7月29日,東村山市本町一丁目445エミュー久米川,東村山市,本町一丁目445エミュー久米川
孤高死による死体発見,Ｈ１０年,東村山市本町一丁目61,東村山市,本町一丁目61
室内で入居者の方が病死。,昨年,東村山市本町一丁目1324,東村山市,本町一丁目1324
告知事項あり（不動産情報より）,2020年2月現在,東村山市栄町三丁目128 久米川マンション 5階,東村山市,栄町三丁目128 久米川マンション 5階
えびす荘にて女性練炭自殺,平成28年8月23日,東村山市本町一丁目136,東村山市,本町一丁目136
孤高死男性発見。知人による発見。,2016年,東村山市本町一丁目61,東村山市,本町一丁目61
112号室告知事項有,令和4年5月27日,東村山市本町一丁目1324 ワコーレ東村山,東村山市,本町一丁目1324 ワコーレ東村山
独居高齢者の不審死（事件と事故双方の可能性）,2021年夏,東村山市本町一丁目321,東村山市,本町一丁目321
死体発見,令和元年11月29日,東村山市本町四丁目4都営東村山本町アパート9号棟4階東から5番目の部屋,東村山市,本町四丁目4都営東村山本町アパート9号棟4階東から5番目の部屋
208号 6440㎡ 角部屋 告知事項あり,不明,多摩市貝取1493,多摩市,貝取1493
火災による死亡,平成25年3月29日,多摩市貝取1707,多摩市,貝取1707
心理的瑕疵,2015年頃,多摩市貝取六丁目1010,多摩市,貝取六丁目1010
死体発見,平成27年9月22日,国立市富士見台二丁目46 UR国立富士見台第2団地25号棟506,国立市,富士見台二丁目46 UR国立富士見台第2団地25号棟506
友人が自殺しました。,平成28年7月10日,国立市富士見台二丁目464 第2団地5110,国立市,富士見台二丁目464 第2団地5110
遺体発見,2020年6月１７日,国立市富士見台二丁目四六丁目25401,国立市,富士見台二丁目四六丁目25401
2階上がって左端の部屋、異臭により通報、浴室で男性の腐乱死体発見。体は溶け下半身は白骨化していた模様。男性はパニック障害者で孤高死でした。,2019年秋,国立市富士見台二丁目432,国立市,富士見台二丁目432
心理的瑕疵有内装リフォーム済：2018年01月,時期不明,狛江市和泉本町一丁目363 狛江セントラルハイツ３号棟 8階,狛江市,和泉本町一丁目363 狛江セントラルハイツ３号棟 8階
205号室 過労死,平成30年3月25日,狛江市岩戸北一丁目1210,狛江市,岩戸北一丁目1210
遺体発見,平成30年1月28日,狛江市和泉本町一丁目1316,狛江市,和泉本町一丁目1316
15階より 飛び降り自殺,平成20年6月21日,狛江市和泉本町一丁目361 狛江セントラルハイツ1号棟,狛江市,和泉本町一丁目361 狛江セントラルハイツ1号棟
告知事項あり（不動産情報より）,2020年3月現在,狛江市岩戸北一丁目813 スカイハイツI 2階,狛江市,岩戸北一丁目813 スカイハイツI 2階
302号 遺体搬出,平成29年10月29日,狛江市岩戸北三丁目17,狛江市,岩戸北三丁目17
警察が来て、ブルーシートに遺体を乗せてワゴン車で運び出した。事件性の可否は不明。,2016２月か３月頃,狛江市岩戸北三丁目196（フラットえびす）,狛江市,岩戸北三丁目196（フラットえびす）
警官、ヘアーキャップを被った鑑識が来ており事件・事故については不明。,平成29年7月23日,狛江市東和泉二丁目76,狛江市,東和泉二丁目76
絞殺,平成28年5月8日,狛江市和泉本町一丁目24,狛江市,和泉本町一丁目24
男性遺体発見,平成19年2月2日,西東京市南町三丁目312,西東京市,南町三丁目312
シェア田無告知事項あり,2018,西東京市田無町二丁目1221,西東京市,田無町二丁目1221
告知事項有,平成19年11月14日,西東京市田無町四丁目265,西東京市,田無町四丁目265
心理的瑕疵あり,2018年11月ごろ,西東京市南町五丁目912,西東京市,南町五丁目912
告知事項あり,2021年9月時点,西東京市南町四丁目1111,西東京市,南町四丁目1111
火災による死亡,平成21年12月17日,西東京市南町四丁目1710,西東京市,南町四丁目1710
無理心中,平成28年7月22日,西東京市向台町三丁目19,西東京市,向台町三丁目19
薬使用後に７階位の踊り場から飛び降り自殺。１８歳位の男性,８年位前,立川市泉町11564,立川市,泉町11564
告知事項あり,不明,小平市小川東町五丁目一八丁目382 アルカンシエル・セブン 1階,小平市,小川東町五丁目一八丁目382 アルカンシエル・セブン 1階
205号室心理的瑕疵あり,令和4年10月17日,小平市小川東町五丁目18382 アルカンシエルセブン,小平市,小川東町五丁目18382 アルカンシエルセブン
奥様が自殺。今は取り壊されている,20年くらい前,小平市仲町62864,小平市,仲町62864
まだ畑だった頃、灯油をかぶり、焼身自殺。畳が重ねて置いてありましたが生々しく人の形に黒く焦げていました,23年くらい前,小平市小川東町二丁目1808,小平市,小川東町二丁目1808
202 自殺,不明,小平市学園東町一丁目1017,小平市,学園東町一丁目1017
焼死,平成24年頃,小平市学園東町一丁目189,小平市,学園東町一丁目189
2階部屋番号不明、心理的瑕疵物件,2016年6月初旬,小平市学園東町一丁目1539 シャトーブルー2階,小平市,学園東町一丁目1539 シャトーブルー2階
死体発見,約2年前,小平市小川町二丁目135631みゆき荘2階,小平市,小川町二丁目135631みゆき荘2階
室内お亡くなり,202102,羽村市栄町二丁目104 103,羽村市,栄町二丁目104 103
絞殺,令和5年6月18日,羽村市栄町二丁目64,羽村市,栄町二丁目64
一階角部屋自殺,2018年夏ごろ,羽村市栄町二丁目118,羽村市,栄町二丁目118
駐車スペース横の部屋で住民男性が首吊り自殺,2005,羽村市緑ヶ丘五丁目150,羽村市,緑ヶ丘五丁目150
告知事項,不明,羽村市羽中一丁目337,羽村市,羽中一丁目337
御爺さん老衰し、その後御婆さん転居し転売される。,平成１２年頃,武蔵村山市本町三丁目605,武蔵村山市,本町三丁目605
死体発見,平成24年,武蔵村山市中央一丁目243ハウスオブブーケA 1階,武蔵村山市,中央一丁目243ハウスオブブーケA 1階
家主が駐車場の車の中で服薬自殺,約10年前,昭島市緑町一丁目8,昭島市,緑町一丁目8
老婆と長女（60代）が暮らしていたが、生活が困窮していて、長女が餓死したらしい、老婆は生きていた。,20191227,昭島市緑町一丁目9,昭島市,緑町一丁目9
火災による死亡,令和2年9月7日,昭島市田中町一丁目349,昭島市,田中町一丁目349
5階 角部屋 南西向き2LDK（洋室56帖、洋室54帖、LDK142帖） 専有面積5538㎡心理的瑕疵有り定期借家（2年）リノベーション物件 、リフォーム物件,令和4年5月14日,福生市大字福生6931 エアーシリウス,福生市,大字福生6931 エアーシリウス
心理的瑕疵有り,不明,福生市志茂2432 ＴＯＰ福生第２ 4階,福生市,志茂2432 ＴＯＰ福生第２ 4階
無職の男性26方から出火し、部屋を半焼。男性は全身やけどなどで死亡した。5階建てマンション「山本第一コーポ」5階503号室1987年築RC造ＪＲ中央線福生駅 徒歩7分,平成16年3月14日,福生市本町803,福生市,本町803
孤高死 腐乱死体の噂あり,2015～2016頃,福生市北田園一丁目121,福生市,北田園一丁目121
今建っている家の前の平屋で男性が孤独死。後にミイラ化。,2001年頃,清瀬市中清戸二丁目71855,清瀬市,中清戸二丁目71855
101号室 角部屋告知事項有り,令和4年6月2日,清瀬市中里三丁目7910 東和コーポ,清瀬市,中里三丁目7910 東和コーポ
ここに住んでた中学生が飛び降り死亡,,清瀬市中里五丁目28,清瀬市,中里五丁目28
告知事項ありの記載,不明,清瀬市中清戸四丁目9092 グランディール 1階,清瀬市,中清戸四丁目9092 グランディール 1階
死体発見,平成28年8月11日,清瀬市中清戸四丁目1031,清瀬市,中清戸四丁目1031
火災による死亡,平成30年10月25日,清瀬市中清戸四丁目847都営中清戸四丁目アパート8号棟3階,清瀬市,中清戸四丁目847都営中清戸四丁目アパート8号棟3階
401号室 自殺,7月20日,西東京市東伏見四丁目824ラ・フローラ武蔵野6,西東京市,東伏見四丁目824ラ・フローラ武蔵野6
飛び降り自殺,令和5年1月,西東京市東伏見五丁目45,西東京市,東伏見五丁目45
パレホームズ607※告知事項あり不動産情報サイトからの情報,2020年12月,西東京市東伏見五丁目41,西東京市,東伏見五丁目41
心理的瑕疵物件不動産情報に記載,時期不明,練馬区関町北三丁目45 アイル関町 2階,練馬区,関町北三丁目45 アイル関町 2階
自殺,平成22年5月,練馬区関町北三丁目48エルヴィエントアース武蔵関公園803,練馬区,関町北三丁目48エルヴィエントアース武蔵関公園803
都営武蔵野アパート敷地内30歳代くらいの男性遺体発見死因は全身打撲による外傷性ショック死,平成17年12月28日,武蔵野市緑町二丁目64,武蔵野市,緑町二丁目64
【青酸カリによる死者が出たそうです】4号棟の自治会役員の方の証言で、団地内で青酸カリによる死者が出たそうです。武蔵野警察署の刑事に確認したところ、団地の自治会の意向で事故扱いで処理されたということです。,不明,武蔵野市緑町二丁目34都営武蔵野緑町二丁目第2アパート4号棟,武蔵野市,緑町二丁目34都営武蔵野緑町二丁目第2アパート4号棟
死体発見,平成17年12月28日,武蔵野市緑町二丁目64 都営武蔵野緑町2丁目第3アパート4号棟,武蔵野市,緑町二丁目64 都営武蔵野緑町2丁目第3アパート4号棟
告知事項あり,不明,武蔵野市西久保三丁目128 アネシスヴィーゼ205号室,武蔵野市,西久保三丁目128 アネシスヴィーゼ205号室
不審死,2022年11月,武蔵野市西久保三丁目1118,武蔵野市,西久保三丁目1118
死体発見,平成28年2月23日,武蔵野市西久保三丁目75都築荘101,武蔵野市,西久保三丁目75都築荘101
死体発見,平成24年11月5日,東京都新宿区新宿三丁目22-7指田ビル地下1階,新宿区,新宿三丁目22-7指田ビル地下1階
飛び降り自殺,令和4年,東京都新宿区西新宿一丁目3-9,新宿区,西新宿一丁目3-9
,,,新宿区,
2階サウナロイヤル 死体発見,平成20年1月5日,東京都新宿区歌舞伎町一丁目27-5 中台ビル,新宿区,歌舞伎町一丁目27-5 中台ビル
,,東京都新宿区歌舞伎町二丁目39-6,新宿区,歌舞伎町二丁目39-6
飛び降り自殺,令和3年5月11日,東京都新宿区歌舞伎町一丁目20-2アパホテル新宿歌舞伎町タワー,新宿区,歌舞伎町一丁目20-2アパホテル新宿歌舞伎町タワー
首吊り自殺,平成27年9月26日,東京都新宿区西新宿七丁目5-9プロスペクト・アクス・ザ・タワー新宿2008,新宿区,西新宿七丁目5-9プロスペクト・アクス・ザ・タワー新宿2008
20階心理的瑕疵あり,不明,東京都新宿区西新宿七丁目5-25,新宿区,西新宿七丁目5-25
コインロッカー内に乳児の腐乱死体。,平成30年6月12日,東京都新宿区歌舞伎町二丁目35-6,新宿区,歌舞伎町二丁目35-6
首吊り自殺,,東京都新宿区歌舞伎町二丁目14-14コスモ佐藤4F,新宿区,歌舞伎町二丁目14-14コスモ佐藤4F
902号室で自殺あり。,2020年7月初旬,東京都新宿区歌舞伎町二丁目8-2,新宿区,歌舞伎町二丁目8-2
伊勢丹テナント関係者の首吊り自殺,2008年頃,東京都新宿区新宿五丁目16-10,新宿区,新宿五丁目16-10
309号室 首吊り自殺,平成20年12月4日,東京都新宿区新宿五丁目18-20 ビジネスホテルミラベル,新宿区,新宿五丁目18-20 ビジネスホテルミラベル
114号室宅地建物取引業47条1項に基づく告知事項有り,令和4年5月21日,東京都新宿区歌舞伎町二丁目2-20 ライオンズマンション歌舞伎町A棟,新宿区,歌舞伎町二丁目2-20 ライオンズマンション歌舞伎町A棟
螺旋階段から転落死,平成22年,東京都新宿区歌舞伎町二丁目10-7ダイヤモンドビル,新宿区,歌舞伎町二丁目10-7ダイヤモンドビル
刺殺,平成20年4月8日,東京都新宿区歌舞伎町一丁目11-5扇園ビル1階,新宿区,歌舞伎町一丁目11-5扇園ビル1階
撲殺,平成24年5月17日,東京都新宿区歌舞伎町二丁目2-21,新宿区,歌舞伎町二丁目2-21
飛び降り自殺,平成26年12月,東京都新宿区歌舞伎町二丁目18-5,新宿区,歌舞伎町二丁目18-5
遺体発見,平成30年12月25日,東京都新宿区歌舞伎町二丁目30-5,新宿区,歌舞伎町二丁目30-5
自殺。,平成28年2月19日,東京都新宿区歌舞伎町二丁目30-5,新宿区,歌舞伎町二丁目30-5
刺殺,平成19年4月5日,東京都新宿区歌舞伎町二丁目3-23新宿セントラルビル3F,新宿区,歌舞伎町二丁目3-23新宿セントラルビル3F
B1・キャバ嬢自殺,2006〜2012の間,東京都新宿区歌舞伎町二丁目10-6,新宿区,歌舞伎町二丁目10-6
5階から飛び降り,2015年ころ,東京都新宿区新宿五丁目18-11,新宿区,新宿五丁目18-11
ホテルD-WAVE308号室にて男性が不審死,令和2年1月30日,東京都新宿区歌舞伎町二丁目8-6,新宿区,歌舞伎町二丁目8-6
死体発見,平成22年6月24日,東京都新宿区歌舞伎町二丁目22-1ホテルシェーナ504,新宿区,歌舞伎町二丁目22-1ホテルシェーナ504
死体発見,平成24年4月3日,東京都新宿区歌舞伎町二丁目33-11ホテル大松,新宿区,歌舞伎町二丁目33-11ホテル大松
傷害致死,令和元年9月21日,東京都新宿区歌舞伎町二丁目14-8 メトロプラザ4F,新宿区,歌舞伎町二丁目14-8 メトロプラザ4F
8階から飛び降り自殺,平成30年10月26日,東京都新宿区歌舞伎町二丁目21-5,新宿区,歌舞伎町二丁目21-5
ホテルパシャ702号室にて20～30代の男性が死亡しているのを発見。(官報より),令和3年7月13日,東京都新宿区歌舞伎町二丁目10-12,新宿区,歌舞伎町二丁目10-12
2012.飛降り,平成24年10月1日,東京都新宿区歌舞伎町二丁目2-6,新宿区,歌舞伎町二丁目2-6
絞殺,平成19年5月31日,東京都新宿区新宿六丁目27-19金光コーポ新宿805,新宿区,新宿六丁目27-19金光コーポ新宿805
刺殺,令和5年5月29日,東京都新宿区歌舞伎町二丁目2-21ライオンズマンション歌舞伎町,新宿区,歌舞伎町二丁目2-21ライオンズマンション歌舞伎町
飛び降り自殺,令和4年12月12日,東京都新宿区新宿五丁目18-10,新宿区,新宿五丁目18-10
転落死の可能性有。,分かりません。,東京都新宿区歌舞伎町二丁目29-2,新宿区,歌舞伎町二丁目29-2
転落死,平成20年11月28日,東京都新宿区歌舞伎町二丁目21-2ソフィア2 8階,新宿区,歌舞伎町二丁目21-2ソフィア2 8階
射殺,平成31年1月21日,東京都新宿区歌舞伎町一丁目12-3 5階,新宿区,歌舞伎町一丁目12-3 5階
死体発見,平成30年5月29日,東京都新宿区歌舞伎町二丁目35-9コインロッカー,新宿区,歌舞伎町二丁目35-9コインロッカー
不動産業者より告知物件との報告有,2022年5月頃,東京都新宿区歌舞伎町二丁目18,新宿区,歌舞伎町二丁目18
告知事項あり,不明,東京都新宿区歌舞伎町二丁目18-5 プラ－ズタワ－東新宿 ［14階/1410号室］，16階,新宿区,歌舞伎町二丁目18-5 プラ－ズタワ－東新宿 ［14階/1410号室］，16階
死体遺棄,平成29年2月15日,東京都新宿区歌舞伎町二丁目5パークネット歌舞伎町第3駐車場,新宿区,歌舞伎町二丁目5パークネット歌舞伎町第3駐車場
死体発見,平成29年12月5日,東京都新宿区歌舞伎町二丁目28-8ホテルアランド,新宿区,歌舞伎町二丁目28-8ホテルアランド
転落死,平成25年2月10日,東京都新宿区歌舞伎町二丁目2-6 ライオンズマンション歌舞伎町第2-701,新宿区,歌舞伎町二丁目2-6 ライオンズマンション歌舞伎町第2-701
401号、病死,26年5月,東京都新宿区歌舞伎町二丁目9−１５,新宿区,歌舞伎町二丁目9−１５
自殺,平成30年10月2日,東京都新宿区歌舞伎町二丁目22-10,新宿区,歌舞伎町二丁目22-10
ホテルから飛び降り自殺最上ビルとホテルの間で死亡。,平成25年1月15日,東京都新宿区歌舞伎町二丁目8,新宿区,歌舞伎町二丁目8
硫化水素自殺,平成20年5月19日,東京都新宿区歌舞伎町二丁目11-15ホテルイマージュ506,新宿区,歌舞伎町二丁目11-15ホテルイマージュ506
湊□クリニック手術ミスによる患者死亡（現在は閉院）,2012年某月,東京都新宿区歌舞伎町二丁目20-17朝日新宿館5F,新宿区,歌舞伎町二丁目20-17朝日新宿館5F
死体発見,平成23年3月1日,東京都新宿区歌舞伎町二丁目40-1レディース510,新宿区,歌舞伎町二丁目40-1レディース510
前のホテルだった頃、女性の遺体発見,7年前ぐらい？,東京都新宿区歌舞伎町二丁目27-4,新宿区,歌舞伎町二丁目27-4
火災による死亡,平成28年1月7日,東京都新宿区歌舞伎町二丁目28-11ホテルまつき1階-2階間踊り場,新宿区,歌舞伎町二丁目28-11ホテルまつき1階-2階間踊り場
無理心中 ．,令和3年4月16日,東京都新宿区歌舞伎町二丁目1-11,新宿区,歌舞伎町二丁目1-11
車両事故死,平成29年8月19日,東京都新宿区歌舞伎町二丁目9-17,新宿区,歌舞伎町二丁目9-17
,,東京都新宿区歌舞伎町一丁目2-7星座館屋上,新宿区,歌舞伎町一丁目2-7星座館屋上
1階 101号室 2018年11月10日 告知事項有り,平成30年11月10日,東京都新宿区新宿六丁目27-20 ダイヤモンドレジデンス新宿,新宿区,新宿六丁目27-20 ダイヤモンドレジデンス新宿
,,,台東区,
告知事项あり,2019年,東京都台東区東上野三丁目15-12,台東区,東上野三丁目15-12
絞殺,平成21年6月24日,東京都台東区東上野二丁目21-11上野ターミナルホテル2階,台東区,東上野二丁目21-11上野ターミナルホテル2階
,,東京都台東区上野六丁目7スマイルパーキング上野六丁目駐車場,台東区,上野六丁目7スマイルパーキング上野六丁目駐車場
2階休息コーナー 脳内出血による死亡,平成20年12月27日,東京都台東区上野六丁目8-1 カプセルサウナセンチュリー,台東区,上野六丁目8-1 カプセルサウナセンチュリー
死体発見,平成24年12月4日,東京都台東区東上野一丁目14タイムズ東上野第27,台東区,東上野一丁目14タイムズ東上野第27
自殺,平成29年12月27日,東京都台東区上野六丁目2-11,台東区,上野六丁目2-11
脳梗塞による孤高死。単身赴任中に死去,平成26年6月23日,東京都台東区台東四丁目29-15 ４０２号室,台東区,台東四丁目29-15 ４０２号室
殺人,平成21年2月25日,東京都台東区東上野二丁目6-2パーク・キューブ上野705,台東区,東上野二丁目6-2パーク・キューブ上野705
302の住民が死亡,2020年10月,東京都台東区元浅草二丁目2-12,台東区,元浅草二丁目2-12
飛び降り,平成31年2月12日,東京都台東区東上野二丁目25-12,台東区,東上野二丁目25-12
硫化水素自殺,平成21年5月10日,東京都台東区元浅草二丁目7-8ツクバホテル713,墨田区,元浅草二丁目7-8ツクバホテル713
首吊り自殺,平成19年1月27日,東京都台東区花川戸一丁目3-6 花川戸ビル,墨田区,花川戸一丁目3-6 花川戸ビル
,,,墨田区,
飛び降りて死亡,平成30年10月4日,東京都墨田区吾妻橋一丁目23-30 URリバーピア吾妻橋ライフタワー1907,墨田区,吾妻橋一丁目23-30 URリバーピア吾妻橋ライフタワー1907
詳細の日付は不明だが5階の部屋で住人が孤高死してる,令和元年10月1日,東京都墨田区吾妻橋二丁目5-1,墨田区,吾妻橋二丁目5-1
首吊り自殺,,東京都墨田区吾妻橋三丁目11-15ラフィーヌすみだ501,豊島区,吾妻橋三丁目11-15ラフィーヌすみだ501
心理的瑕疵物件,令和3年11月,東京都豊島区南池袋二丁目30-16,豊島区,南池袋二丁目30-16
11階あたりの部屋から飛び降り自殺1階の裏口に落下,2013年1月ごろ,東京都豊島区南池袋二丁目9-17,豊島区,南池袋二丁目9-17
男性の変死体発見,2018年６月,東京都豊島区南池袋二丁目9-17ニッシンパレステージ池袋804,豊島区,南池袋二丁目9-17ニッシンパレステージ池袋804
飛び降り自殺,平成27年8月30日,東京都豊島区南池袋二丁目8-18,豊島区,南池袋二丁目8-18
心理的瑕疵物件あり8階,不明,東京都豊島区南池袋二丁目8-6,豊島区,南池袋二丁目8-6
三階の一室にて自殺,2012年前後,東京都豊島区南池袋二丁目43-21,豊島区,南池袋二丁目43-21
飛び降り自殺,令和4年6月5日,東京都豊島区東池袋四丁目5-1エアライズタワー,豊島区,東池袋四丁目5-1エアライズタワー
飛び降り,平成29年12月15日,東京都豊島区東池袋四丁目21-1,豊島区,東池袋四丁目21-1
32階 硫化水素自殺,2017年,東京都豊島区東池袋四丁目21-1,豊島区,東池袋四丁目21-1
早朝、50代の女性が飼い犬を道連れに26階の自室のベランダから飛び降り自殺。日之出町公園の向かい側辺り、ライズシティ池袋1階の店舗の前に、犬と共に落下し死亡。夫と二人暮らしで、夫婦仲が悪かったのか、夫の方は、すぐに同じ犬種の犬を飼い、何喰わぬ顔で毎朝散歩させているらしい。,令和3年9月11日,東京都豊島区東池袋四丁目5-1エアライズタワー26階,豊島区,東池袋四丁目5-1エアライズタワー26階
内側吹抜部分へ40〜50代男性飛び降り自殺,令和4年2月3日,東京都豊島区東池袋四丁目21-1,豊島区,東池袋四丁目21-1
女性の自殺あり,2005年頃？,東京都豊島区東池袋四丁目32-15,豊島区,東池袋四丁目32-15
2階 男性 病死,令和2年10月15日,東京都豊島区東池袋四丁目27-10,豊島区,東池袋四丁目27-10
自殺,平成23年,東京都豊島区東池袋四丁目27-5ライオンズプラザ池袋509,豊島区,東池袋四丁目27-5ライオンズプラザ池袋509
火災による死亡,平成20年12月20日,東京都豊島区東池袋四丁目18-15フラワーハイツ2階,豊島区,東池袋四丁目18-15フラワーハイツ2階
飛び降り自殺,平成25年7月15日,東京都豊島区東池袋四丁目3-3東京計画ビル,渋谷区,東池袋四丁目3-3東京計画ビル
過労死,不明,東京都渋谷区神南二丁目2,渋谷区,神南二丁目2
過労死,2018,東京都渋谷区神南二丁目2,渋谷区,神南二丁目2
ミイラ,平成18年4月15日,東京都渋谷区神山町9-17,渋谷区,神山町9-17
過労死,2014,東京都渋谷区神南二丁目2-31,渋谷区,神南二丁目2-31
死体損壊・死体遺棄,平成18年12月28日,東京都渋谷区神山町1-12,渋谷区,神山町1-12
病死,2016年4月頃,東京都渋谷区神山町2-3 メヌエットオマタ101,渋谷区,神山町2-3 メヌエットオマタ101
パークフラッツ渋谷神山町3階 告知事項有り,---,東京都渋谷区神山町6-9,渋谷区,神山町6-9
自殺,平成26年,東京都渋谷区神南二丁目2,渋谷区,神南二丁目2
自殺,平成24年,東京都渋谷区神山町10-2パークハビオ渋谷神山町602,渋谷区,神山町10-2パークハビオ渋谷神山町602
過労死,2017,東京都渋谷区神南二丁目2,渋谷区,神南二丁目2
首吊り自殺,平成22年8月11日,東京都渋谷区神南二丁目2-1NHK放送センター8Fトイレ,渋谷区,神南二丁目2-1NHK放送センター8Fトイレ
死体発見,平成22年2月24日,東京都渋谷区神南一丁目4-17,渋谷区,神南一丁目4-17
転落死,平成19年8月5日,東京都渋谷区神南一丁目8-18クオリア神南フラッツ建設現場11階,港区,神南一丁目8-18クオリア神南フラッツ建設現場11階
事故住宅,不明,愛知県名古屋市港区港楽一丁目1-10 市営港楽荘1棟 201,港区,港楽一丁目1-10 市営港楽荘1棟 201
2名の死体発見,令和4年11月3日,愛知県名古屋市港区港楽一丁目1-10 市営港楽荘1棟,港区,港楽一丁目1-10 市営港楽荘1棟
2名の死体発見,令和4年11月3日,愛知県名古屋市港区港楽一丁目1-10 市営港楽荘1棟,世田谷区,港楽一丁目1-10 市営港楽荘1棟
屋上より女性が飛び降り自殺,平成29年1月18日,東京都世田谷区世田谷三丁目23-20,世田谷区,世田谷三丁目23-20
１２階から若いカップル飛び降り（外部）,令和4年7月9日,東京都世田谷区世田谷三丁目11-8,世田谷区,世田谷三丁目11-8
男性が自殺,15年ほど前,東京都世田谷区世田谷四丁目17-3,世田谷区,世田谷四丁目17-3
母屋隣のアパート（２階部分）で孤高死強烈な臭いでした,令和３年７月頃,東京都世田谷区若林四丁目21-11,大田区,若林四丁目21-11
死体発見,,東京都大田区西蒲田八丁目21-1塩田商事ビル203,大田区,西蒲田八丁目21-1塩田商事ビル203
死体発見,平成27年,東京都大田区西蒲田八丁目20-11,大田区,西蒲田八丁目20-11
10階 角部屋告知事項あり,令和4年10月16日,東京都大田区蒲田五丁目48-10 ハイライフ蒲田,大田区,蒲田五丁目48-10 ハイライフ蒲田
7階 北向き1K（洋室6帖、K2帖） 専有面積21.00㎡心理的瑕疵有,令和3年11月26日,東京都大田区蒲田五丁目50-2 スカイコート蒲田ガーデン,大田区,蒲田五丁目50-2 スカイコート蒲田ガーデン
7階 北向き1K（洋室6帖、K2帖） 専有面積21.00㎡心理的瑕疵有,令和3年11月26日,東京都大田区蒲田五丁目50-2 スカイコート蒲田ガーデン,中野区,蒲田五丁目50-2 スカイコート蒲田ガーデン
老人の孤独死,令和4年3月,東京都中野区中野五丁目37-15 201,中野区,中野五丁目37-15 201
共用部より飛び降り自殺,2021年4月,東京都中野区中野五丁目51-12 ザ・パークハウス中野タワー,中野区,中野五丁目51-12 ザ・パークハウス中野タワー
カウンターバー 店内で経営者首つり自殺,2014,東京都中野区中野五丁目56-15,中野区,中野五丁目56-15
屋上から飛び降り自殺,平成30年6月2日,東京都中野区中野五丁目67-7 プラザ中野,中野区,中野五丁目67-7 プラザ中野
エレベータと壁に挟まれ死亡,平成23年11月5日,東京都中野区中野五丁目68-5ドン・キホーテ中野駅前店地下1階,中野区,中野五丁目68-5ドン・キホーテ中野駅前店地下1階
共用部より飛び降り自殺,2020年12月,東京都中野区中野五丁目51-12 ザ・パークハウス中野タワー,中央区,中野五丁目51-12 ザ・パークハウス中野タワー
飛び降り自殺,平成27年11月17日,福岡県福岡市中央区赤坂一丁目10-17しんくみ赤坂ビル5階,中央区,赤坂一丁目10-17しんくみ赤坂ビル5階
901注意 制服の警官が何人か入っていった,2019年7月,福岡県福岡市中央区大名二丁目2-8,中央区,大名二丁目2-8
刺殺,平成30年6月24日,福岡県福岡市中央区大名二丁目6-11 Fukuoka Growth Next 1階トイレ,中央区,大名二丁目6-11 Fukuoka Growth Next 1階トイレ
同ホテル7階客室の浴室で、東京都に住む宿泊客の男性（20）が硫化水素による自殺。,平成20年7月30日,福岡県福岡市中央区大名一丁目14-13 ビジネスホテル「プラザホテルプルミエ」7階,北区,大名一丁目14-13 ビジネスホテル「プラザホテルプルミエ」7階
飛び降り自殺,平成23年5月5日,大阪府堺市北区長曽根町545-1,北区,長曽根町545-1
看護士から虐待を受けた老人が死亡,平成21年9月15日,大阪府堺市北区新金岡町5丁1-3病院内,北区,新金岡町5丁1-3病院内
アルティス新金岡2000年に建築されたマンションですが、2000年〜2005年の間？に飛び降り自殺がありました。飛び降り自殺,平成29年1月6日,大阪府堺市北区新金岡町5丁1-5,葛飾区,新金岡町5丁1-5
告知事項あり,2021/04/26,東京都葛飾区立石五丁目23-12,葛飾区,立石五丁目23-12
刺殺,平成20年12月26日,東京都葛飾区立石五丁目9-11,葛飾区,立石五丁目9-11
40代男性首吊り,2014年12月,東京都葛飾区立石五丁目5-24-504,葛飾区,立石五丁目5-24-504
告知事項有り,平成30年10月10日,東京都葛飾区立石五丁目4-17,葛飾区,立石五丁目4-17
自殺,2015,東京都葛飾区立石五丁目19-2平成マンション 205,葛飾区,立石五丁目19-2平成マンション 205
溺死,平成27年4月9日,東京都葛飾区白鳥一丁目4-3都営白鳥一丁目アパート3号棟402,杉並区,白鳥一丁目4-3都営白鳥一丁目アパート3号棟402
独居の老人が孤高死,2016年頃,東京都杉並区阿佐谷南三丁目6-20第一赤松荘,杉並区,阿佐谷南三丁目6-20第一赤松荘
404号室 角部屋告知事項有2022年8月室内スケルトンリフォーム済,令和4年9月9日,東京都杉並区成田東五丁目34-14 住友南阿佐ヶ谷シティハウス,杉並区,成田東五丁目34-14 住友南阿佐ヶ谷シティハウス
2階 201号室 角部屋 2018年12月21日 告知事項あり2018年12月室内フルリフォーム システムキッチンや温水洗浄便座、お風呂など水回りの設備は新品です。,平成30年12月21日,東京都杉並区阿佐谷南三丁目2-11 マナーテラス,杉並区,阿佐谷南三丁目2-11 マナーテラス
10階 心理的瑕疵あり,不明,東京都杉並区成田東五丁目42-10 阿佐ケ谷陵雲閣マンション,杉並区,成田東五丁目42-10 阿佐ケ谷陵雲閣マンション
1階 心理的瑕疵あり,平成30年11月6日,東京都杉並区成田東四丁目35-18 メゾン中里,杉並区,成田東四丁目35-18 メゾン中里
高層階から中庭に飛び降り自殺,2007年ごろ,東京都杉並区阿佐谷南一丁目12-5,杉並区,阿佐谷南一丁目12-5
"3階 角部屋 東向きワンルーム（洋室6帖） 専有面積16㎡ 賃料5.4万円 管理費等2,000円容認事項有",令和4年8月6日,東京都杉並区阿佐谷南一丁目9-8 マンションアルファ,杉並区,阿佐谷南一丁目9-8 マンションアルファ
406号室 角部屋告知事項あり,令和4年6月14日,東京都杉並区阿佐谷南一丁目8-8 タウンコート阿佐ヶ谷,杉並区,阿佐谷南一丁目8-8 タウンコート阿佐ヶ谷
告知事項あり 詳細不明,２０１９年９月２７日,東京都杉並区阿佐谷南一丁目14-6 3F,杉並区,阿佐谷南一丁目14-6 3F
火災による死亡,平成24年3月22日,東京都杉並区阿佐谷南一丁目20-22川染荘101,杉並区,阿佐谷南一丁目20-22川染荘101
警察の立ち入りにて遺体発見,平成29年12月5日,東京都杉並区阿佐谷南一丁目20-24,江東区,阿佐谷南一丁目20-24
女性の飛び降り自殺,平成24年6月1日,東京都江東区東陽五丁目29,江東区,東陽五丁目29
死体発見,平成30年8月2日,東京都江東区東陽五丁目22-14,江戸川区,東陽五丁目22-14
孤高死,平成20年ごろ,東京都江戸川区中央二丁目9-1,江戸川区,中央二丁目9-1
女性が亡くなられていた,令和元年7月12日,東京都江戸川区中央一丁目13-16 102,江戸川区,中央一丁目13-16 102
女性が亡くなられていた,令和元年7月12日,東京都江戸川区中央一丁目13-16 102,文京区,中央一丁目13-16 102
805室 女性飛び降り自殺。,平成26年10月16日,東京都文京区本郷一丁目33-3,文京区,本郷一丁目33-3
ジオポリス北側トンネル通路 ペルー人男性、病死,平成20年10月15日,東京都文京区後楽一丁目3 東京ドームシティ,文京区,後楽一丁目3 東京ドームシティ
硫化水素自殺,平成22年3月26日,東京都文京区本郷一丁目33-2水道橋グランドホテル523,文京区,本郷一丁目33-2水道橋グランドホテル523
旧名称：アルティス本郷906号室 角部屋告知事項有,令和4年7月28日,東京都文京区本郷一丁目24-4 レジディア文京本郷,荒川区,本郷一丁目24-4 レジディア文京本郷
火災による死亡,平成21年12月24日,東京都荒川区荒川三丁目30-4,板橋区,荒川三丁目30-4
グラスコート板橋 部屋番号不明心理的瑕疵物件,2010年以降,東京都板橋区板橋三丁目9-14,板橋区,板橋三丁目9-14
ジュエル板橋区役所前7階心理的瑕疵物件,令和3年2月22日,東京都板橋区板橋三丁目8-12,板橋区,板橋三丁目8-12
告知事項あり,2017年,東京都板橋区板橋三丁目9-13 野間ビル 4階/402,板橋区,板橋三丁目9-13 野間ビル 4階/402
原因不明の事故,2011,東京都板橋区仲宿36-10,板橋区,仲宿36-10
1階 角部屋 南向き1DK（洋室6帖、DK6.8帖） 専有面積23.8㎡心理的瑕疵あり（同建物内の別室にて自殺及び自然死の瑕疵あり）,令和4年5月15日,東京都板橋区板橋三丁目11-3 グリーンパレス,板橋区,板橋三丁目11-3 グリーンパレス
心理的瑕疵物件,5年前,東京都板橋区仲宿39-1 須田ビル402,板橋区,仲宿39-1 須田ビル402
心理的瑕疵有,不明,東京都板橋区仲宿43-8 ドミールジュネス 2階/203号室(南西角部屋),板橋区,仲宿43-8 ドミールジュネス 2階/203号室(南西角部屋)
https://suumo.jp/chintai/tokyo/sc_itabashi/bc_100039936988/第三トキワコーポ 2階 部屋番号は不明告知事項が御座います,2015年,東京都板橋区仲宿58-6 第三トキワコーポ,品川区,仲宿58-6 第三トキワコーポ
青稜中学校三階から転落その後死亡,2018年10月,東京都品川区二葉一丁目6-6,品川区,二葉一丁目6-6
飛び降り自殺,平成19年4月11日,東京都品川区広町二丁目1-19 JR広町アパート4号棟,品川区,広町二丁目1-19 JR広町アパート4号棟
首吊り自殺,24年1月,東京都品川区二葉１丁目１７-１８ メゾン・ド・パナシェ 209,品川区,二葉１丁目１７-１８ メゾン・ド・パナシェ 209
心理的瑕疵,平成30年10月1日,東京都品川区二葉一丁目12-3,品川区,二葉一丁目12-3
病死がありました,不明,東京都品川区二葉1丁目13-9 メゾンドアストル 203号室,千代田区,二葉1丁目13-9 メゾンドアストル 203号室
飛び降り自殺,2021年05月初旬,東京都千代田区九段南一丁目3-1,千代田区,九段南一丁目3-1
敷地内 死体発見,平成19年8月21日,東京都千代田区神田神保町二丁目4-29 松本ビル,千代田区,神田神保町二丁目4-29 松本ビル
自殺,2011年,東京都千代田区神田神保町三丁目11-1 6階,千代田区,神田神保町三丁目11-1 6階
メゾン・ド・ヴィレ神田神保町406号室告知事項有り,不明,東京都千代田区神田神保町二丁目六丁目11-4,千代田区,神田神保町二丁目六丁目11-4
火災による死亡,平成21年7月3日,東京都千代田区神田神保町一丁目10柏水堂ビル4階,足立区,神田神保町一丁目10柏水堂ビル4階
告知事項あり（不動産情報より）,2020年3月現在,東京都足立区中央本町四丁目6-2 セントラルハイツ 1階,足立区,中央本町四丁目6-2 セントラルハイツ 1階
102号室告知事項有,令和4年5月10日,東京都足立区中央本町四丁目6-2 セントラルハイツ,足立区,中央本町四丁目6-2 セントラルハイツ
604号室から女性が犬を抱き飛び降り。,2011年頃,東京都足立区中央本町一丁目18-12,目黒区,中央本町一丁目18-12
,平成23年1月10日,,目黒区,
3階。孤高死,2022/3,東京都目黒区上目黒二丁目37-12,目黒区,上目黒二丁目37-12
心理的瑕疵,2012,東京都目黒区上目黒二丁目17-20,目黒区,上目黒二丁目17-20
練炭自殺,2010〜2011,東京都目黒区上目黒二丁目16-11,目黒区,上目黒二丁目16-11
賃貸物件サイトに病死の部屋がある旨、記載あり,2014年？,東京都目黒区上目黒二丁目18-2,目黒区,上目黒二丁目18-2
訂正して下さり、ありがとうございます。東京都目黒区上目黒2-15-4 マスダビル 増田隆良 30.10.24.,平成30年10月24日,東京都目黒区上目黒二丁目15-4,目黒区,上目黒二丁目15-4
転落死,平成23年10月21日,東京都目黒区中目黒一丁目10-22中目黒ハイツ15階3階,目黒区,中目黒一丁目10-22中目黒ハイツ15階3階
転落死,平成23年10月21日,東京都目黒区中目黒一丁目10-22中目黒ハイツ15階3階,練馬区,中目黒一丁目10-22中目黒ハイツ15階3階
,,,練馬区,
5階 504号室 心理的瑕疵あり,平成30年10月25日,東京都練馬区練馬一丁目6-8 ボナール縁,練馬区,練馬一丁目6-8 ボナール縁
サンパレス練馬105号室告知事項あり,不明,東京都練馬区練馬一丁目6-15,練馬区,練馬一丁目6-15
14階で自殺,平成30年11月29日,東京都練馬区練馬三丁目2-5,練馬区,練馬三丁目2-5
504号室、1309号室告知事項あり,令和4年9月3日,東京都練馬区中村北一丁目11-3 フォーラムイン東京,練馬区,中村北一丁目11-3 フォーラムイン東京
絞殺,平成21年6月16日,東京都練馬区練馬三丁目2-8ライオンズマンション練馬403,府中市,練馬三丁目2-8ライオンズマンション練馬403
孤独死。死後数ヶ月で発見。死臭、蝿。,2022年11月頃,東京都府中市宮西町五丁目5-1 アーバンオルム府中402号室,府中市,宮西町五丁目5-1 アーバンオルム府中402号室
死体発見,令和2年8月19日,東京都府中市本町二丁目10-20,府中市,本町二丁目10-20
住民の自殺,過去14年の間,東京都府中市宮西町五丁目3-6,府中市,宮西町五丁目3-6
男性の孤高死、病死。,令和3年8月6日,東京都府中市宮西町五丁目6-5,八王子市,宮西町五丁目6-5
会社経営の30代男性が経営苦を理由に縊死。現在も実父が居住中。,平成29年12月,東京都八王子市元本郷町一丁目22-6 メゾンドセリゼ 101号室,八王子市,元本郷町一丁目22-6 メゾンドセリゼ 101号室
同棟5階に住む60～70代の女性の腐乱した遺体を発見(死後数週間経過)。夫(67)を死体遺棄容疑で逮捕、「市営住宅元本郷団地」4号棟の外階段踊り場。,平成21年11月12日,東京都八王子市元本郷町二丁目12-4,八王子市,元本郷町二丁目12-4
首吊り自殺,首吊り自殺,東京都八王子市元本郷町三丁目24-1,八王子市,元本郷町三丁目24-1
,首吊り自殺,東京都八王子市元本郷町三丁目24-1,八王子市,元本郷町三丁目24-1
刺殺,平成26年6月13日,東京都八王子市元本郷町四丁目13-2都営元本郷町四丁目アパート2号棟108,国分寺市,元本郷町四丁目13-2都営元本郷町四丁目アパート2号棟108
606号室告知事項あり,令和4年7月30日,東京都国分寺市戸倉一丁目8-25 プレイスK,国分寺市,戸倉一丁目8-25 プレイスK
206号室、506号室告知事項あり,令和4年7月30日,東京都国分寺市戸倉一丁目8-25 プレイスK,国分寺市,戸倉一丁目8-25 プレイスK
火災によりお亡くなり,30年前,東京都国分寺市戸倉一丁目5-14,国分寺市,戸倉一丁目5-14
606号室告知事項あり,令和4年7月30日,東京都国分寺市戸倉一丁目8-25 プレイスK,町田市,戸倉一丁目8-25 プレイスK
死亡事故,平成24年10月12日,東京都町田市森野二丁目1-4,町田市,森野二丁目1-4
火災による死亡,平成27年12月29日,東京都町田市森野一丁目4-11都営森野住宅11号棟3階,町田市,森野一丁目4-11都営森野住宅11号棟3階
1F 孤高死,2020年3月,東京都町田市森野一丁目3-4,青梅市,森野一丁目3-4
熱中症により孤高死,2014年か2015年の8月頃,東京都青梅市東青梅二丁目16-12,青梅市,東青梅二丁目16-12
心理的瑕疵有,,東京都青梅市東青梅二丁目19-13 ホーユウコンフォルト東青梅 3階,青梅市,東青梅二丁目19-13 ホーユウコンフォルト東青梅 3階
告知事項あり。業者は全オーナーが病死と伝えてきたが、正確には前々オーナーが自殺、全オーナーが失踪とのこと。,2018年時点での情報,東京都青梅市東青梅三丁目8-5,青梅市,東青梅三丁目8-5
自殺,平成29年10月8日,東京都青梅市東青梅二丁目一六丁目3-501号室,青梅市,東青梅二丁目一六丁目3-501号室
心理的瑕疵物件,平成２０年頃,東京都青梅市東青梅三丁目12,調布市,東青梅三丁目12
告知事項あり（不動産情報より）,2020年1月現在,東京都調布市小島町二丁目12-1 ＡＬＰＩＮＥ ＣＯＵＲＴ １ 1階,調布市,小島町二丁目12-1 ＡＬＰＩＮＥ ＣＯＵＲＴ １ 1階
傷害致死,平成24年9月18日～平成24年9月20日,東京都調布市小島町二丁目14-26ユマニテ調布103,調布市,小島町二丁目14-26ユマニテ調布103
ファミール小島町2F（部屋番号不明）心理的瑕疵物件あり,不明,東京都調布市小島町二丁目19-5,調布市,小島町二丁目19-5
◆エスター調布B203号室◆死亡している70代くらいの女性と50代くらいの男性発見。外傷なし。連絡が取れず施錠されていたので、消防がベランダの窓を割って部屋に入り発見。いずれもあおむけの状態で倒れていた。https://www.tokyo-np.co.jp/article/150176https://www.sankei.com/article/20211221-JCD34JMV4FJB5KUT54ME6VEQEY/,令和4年1月20日,東京都調布市小島町二丁目12,調布市,小島町二丁目12
201号室 角部屋告知事項有,令和4年5月27日,東京都調布市小島町二丁目12-1 アルパイン・コートⅡ,武蔵野市,小島町二丁目12-1 アルパイン・コートⅡ
,,,武蔵野市,
死体発見,平成17年12月28日,東京都武蔵野市緑町二丁目6-4 都営武蔵野緑町2丁目第3アパート4号棟,三鷹市,緑町二丁目6-4 都営武蔵野緑町2丁目第3アパート4号棟
告知事項が御座います,不明,東京都三鷹市下連雀九丁目5-40 アケボノマンション 202号室,小金井市,下連雀九丁目5-40 アケボノマンション 202号室
シャトー小金井10階 火災で1人死亡,平成15年5月10日,東京都小金井市本町六丁目5-3,小金井市,本町六丁目5-3
11階 61.05㎡10階 63.47㎡告知事項あり,不明,東京都小金井市前原町三丁目40-1,小金井市,前原町三丁目40-1
ＩＲＩＥ武蔵野4F407号室心理的瑕疵物件,不明,東京都小金井市本町六丁目1-15,東村山市,本町六丁目1-15
103号室 亡くなって3日ほどたって独居男性発見,平成27年7月29日,東京都東村山市本町一丁目4-45エミュー久米川,東村山市,本町一丁目4-45エミュー久米川
112号室告知事項有,令和4年5月27日,東京都東村山市本町一丁目13-24 ワコーレ東村山,東村山市,本町一丁目13-24 ワコーレ東村山
孤高死男性発見。知人による発見。,2016年,東京都東村山市本町一丁目6-1,東村山市,本町一丁目6-1
室内で入居者の方が病死。,昨年,東京都東村山市本町一丁目13-24,東村山市,本町一丁目13-24
告知事項あり（不動産情報より）,2020年2月現在,東京都東村山市栄町三丁目1-28 久米川マンション 5階,東村山市,栄町三丁目1-28 久米川マンション 5階
独居高齢者の不審死（事件と事故双方の可能性）,2021年夏,東京都東村山市本町一丁目3-21,東村山市,本町一丁目3-21
死体発見,令和元年11月29日,東京都東村山市本町四丁目4都営東村山本町アパート9号棟4階東から5番目の部屋,東村山市,本町四丁目4都営東村山本町アパート9号棟4階東から5番目の部屋
エントランスにて殺人事件あり,不明,東京都東村山市本町四丁目13−３９ エミネンス,東村山市,本町四丁目13−３９ エミネンス
202号室で50～60代の男性が死亡。（令和4年3月3日官報）,令和2年9月上旬,東京都東村山市栄町一丁目25-9,東村山市,栄町一丁目25-9
toirenaidekodokusi sumimasenn ro majinyuuryokumuridesu,平成25年3月13日,東京都東村山市栄町一丁目28-1,多摩市,栄町一丁目28-1
208号 64.40㎡ 角部屋 告知事項あり,不明,東京都多摩市貝取1493,多摩市,貝取1493
心理的瑕疵,2015年頃,東京都多摩市貝取六丁目10-10,国立市,貝取六丁目10-10
2階孤高死発見は早かった,2018年前後,東京都国立市富士見台二丁目31-5,国立市,富士見台二丁目31-5
211号室 特別募集住宅,不明,東京都国立市富士見台一丁目6-3,国立市,富士見台一丁目6-3
飛び降り,平成27年11月25日,東京都国立市富士見台二丁目8-4,国立市,富士見台二丁目8-4
老人男性の孤高死。夫婦で暮らしていたが、妻は認知症のため夫の死に気付かず。,2007年ごろ,東京都国立市富士見台二丁目9-9,国立市,富士見台二丁目9-9
病死,平成27年6月14日,東京都国立市富士見台二丁目9-14,国立市,富士見台二丁目9-14
孤高死 数週間発見されず腐乱,2010年秋頃,東京都国立市富士見台一丁目11-7,国立市,富士見台一丁目11-7
1階 孤高死,2017年夏,東京都国立市富士見台一丁目10-3,国立市,富士見台一丁目10-3
老婆の孤高死。死後1カ月程で腐乱がかなり進んだ状態で、異臭による通報で発覚。全ての窓、扉が施錠してあり、警察立会いのもと消防士が窓を壊し侵入。部屋の中から窓と雨戸を開けると、辺り一面に異臭とハエが蔓延。,平成27年9月15日,東京都国立市富士見台二丁目9-10,国立市,富士見台二丁目9-10
土地売却により借家立退を数年に渡り拒否、一軒だけ手付かずで放置、住人がそのまま室内で孤高死。,令和4年1月1日,東京都国立市富士見台二丁目9-9,狛江市,富士見台二丁目9-9
心理的瑕疵有内装リフォーム済：2018年01月,時期不明,東京都狛江市和泉本町一丁目36-3 狛江セントラルハイツ３号棟 8階,狛江市,和泉本町一丁目36-3 狛江セントラルハイツ３号棟 8階
205号室 過労死,平成30年3月25日,東京都狛江市岩戸北一丁目12-10,狛江市,岩戸北一丁目12-10
遺体発見,平成30年1月28日,東京都狛江市和泉本町一丁目13-16,狛江市,和泉本町一丁目13-16
告知事項あり（不動産情報より）,2020年3月現在,東京都狛江市岩戸北一丁目8-13 スカイハイツI 2階,狛江市,岩戸北一丁目8-13 スカイハイツI 2階
部屋番号不明 7階告知事項あり(前の住人が洗面所で病死されてます)ホームズ、SUUMOにて掲載中,2022.3.31日現在,東京都狛江市一中通り,狛江市,一中通り
703号室告知事項ありでの不動産賃貸募集,2022年3月頃,東京都狛江市岩戸北二丁目11-1,狛江市,岩戸北二丁目11-1
703号室※告知事項あり【洗面台にて病死】（SUUMOより）,令和4年5月1日,東京都狛江市岩戸北二丁目11-1 プレイスガーデン喜多見,狛江市,岩戸北二丁目11-1 プレイスガーデン喜多見
ライオンズ喜多見ガーデンテラス2階自殺,2020,東京都狛江市岩戸北三丁目5-14,西東京市,岩戸北三丁目5-14
男性遺体発見,平成19年2月2日,東京都西東京市南町三丁目3-12,西東京市,南町三丁目3-12
シェア田無告知事項あり,2018,東京都西東京市田無町二丁目12-21,西東京市,田無町二丁目12-21
シェア田無告知事項あり,2018,東京都西東京市田無町二丁目12-21,立川市,田無町二丁目12-21
薬使用後に７階位の踊り場から飛び降り自殺。１８歳位の男性,８年位前,東京都立川市泉町1156-4,小平市,泉町1156-4
奥様が自殺。今は取り壊されている,20年くらい前,東京都小平市仲町628-64,小平市,仲町628-64
死体発見,約2年前,東京都小平市小川町二丁目1356-31みゆき荘2階,羽村市,小川町二丁目1356-31みゆき荘2階
駐車スペース横の部屋で住民男性が首吊り自殺,2005,東京都羽村市緑ヶ丘五丁目1-50,羽村市,緑ヶ丘五丁目1-50
告知事項,不明,東京都羽村市羽中一丁目3-37,武蔵村山市,羽中一丁目3-37
死体発見,平成24年,東京都武蔵村山市中央一丁目24-3ハウスオブブーケA 1階,昭島市,中央一丁目24-3ハウスオブブーケA 1階
火災による死亡,令和2年9月7日,東京都昭島市田中町一丁目34-9,福生市,田中町一丁目34-9
通路から駐車場へ男性が飛び下り自殺,2016年,東京都福生市志茂156-1,福生市,志茂156-1
